Monitoreo,Nombre_punto,Ubicacion_puntos,Norte,Este,Elevacion,Fecha,Altura_tanque,Nivel_tanque
0,DQ - 1,dique del cubeto de los tanques,353.678,417.963,101.527,5 DE ABRIL DEL 2013,3.17,0
0,DQ - 2,dique del cubeto de los tanques,353.678,408.711,101.515,5 DE ABRIL DEL 2013,3.17,0
0,DQ - 3,dique del cubeto de los tanques,353.665,396.656,101.473,5 DE ABRIL DEL 2013,3.17,0
0,DQ - 4,dique del cubeto de los tanques,355.975,391.033,101.434,5 DE ABRIL DEL 2013,3.17,0
0,DQ - 5,dique del cubeto de los tanques,373.785,373.169,101.441,5 DE ABRIL DEL 2013,3.17,0
0,DQ - 6,dique del cubeto de los tanques,385.417,361.594,101.47,5 DE ABRIL DEL 2013,3.17,0
0,DQ - 7,dique del cubeto de los tanques,398.811,348.222,101.504,5 DE ABRIL DEL 2013,3.17,0
0,DQ - 8,dique del cubeto de los tanques,409.321,337.814,101.533,5 DE ABRIL DEL 2013,3.17,0
0,DQ - 9,dique del cubeto de los tanques,453.228,334.878,101.546,5 DE ABRIL DEL 2013,3.17,0
0,DQ - 10,dique del cubeto de los tanques,461.875,334.868,101.527,5 DE ABRIL DEL 2013,3.17,0
0,DQ - 11,dique del cubeto de los tanques,468.081,337.52,101.527,5 DE ABRIL DEL 2013,3.17,0
0,DQ - 12,dique del cubeto de los tanques,477.66,347.12,101.523,5 DE ABRIL DEL 2013,3.17,0
0,DQ - 13,dique del cubeto de los tanques,488.005,357.383,101.418,5 DE ABRIL DEL 2013,3.17,0
0,DQ - 14,dique del cubeto de los tanques,494.207,363.559,101.38,5 DE ABRIL DEL 2013,3.17,0
0,DQ - 15,dique del cubeto de los tanques,501.129,370.635,101.504,5 DE ABRIL DEL 2013,3.17,0
0,DQ - 16,dique del cubeto de los tanques,507.599,376.928,101.541,5 DE ABRIL DEL 2013,3.17,0
0,PC - 1,borde cuneta perimetral,327.863,418.465,99.093,5 DE ABRIL DEL 2013,3.17,0
0,PC - 2,borde cuneta perimetral,330.013,392.046,98.213,5 DE ABRIL DEL 2013,3.17,0
0,PC - 3,borde cuneta perimetral,335.626,384.343,98.161,5 DE ABRIL DEL 2013,3.17,0
0,PC - 4,borde cuneta perimetral,360.358,359.66,98.175,5 DE ABRIL DEL 2013,3.17,0
0,PC - 5,borde cuneta perimetral,371.406,348.614,98.2,5 DE ABRIL DEL 2013,3.17,0
0,PC - 6,borde cuneta perimetral,395.722,324.336,98.293,5 DE ABRIL DEL 2013,3.17,0
0,PC - 7,borde cuneta perimetral,481.854,325.049,98.311,5 DE ABRIL DEL 2013,3.17,0
0,PC - 8,borde cuneta perimetral,490.427,333.634,98.262,5 DE ABRIL DEL 2013,3.17,0
0,PC - 9,borde cuneta perimetral,501.769,344.966,98.21,5 DE ABRIL DEL 2013,3.17,0
0,PC - 10,borde cuneta perimetral,509.464,352.663,98.183,5 DE ABRIL DEL 2013,3.17,0
0,PC - 11,borde cuneta perimetral,518.826,361.98,98.261,5 DE ABRIL DEL 2013,3.17,0
0,PC - 12,borde cuneta perimetral,530.023,373.217,98.309,5 DE ABRIL DEL 2013,3.17,0
0,SP - 1,soportes de concreto para tuberias,495.213,351.372,98.615,5 DE ABRIL DEL 2013,3.17,0
0,SP - 3,soportes de concreto para tuberias,500.829,356.995,98.553,5 DE ABRIL DEL 2013,3.17,0
0,SP - 5,soportes de concreto para tuberias,506.445,362.611,98.622,5 DE ABRIL DEL 2013,3.17,0
0,SP - 7,soportes de concreto para tuberias,397.571,353.214,100.526,5 DE ABRIL DEL 2013,3.17,0
0,SP - 8,soportes de concreto para tuberias,401.777,357.414,100.552,5 DE ABRIL DEL 2013,3.17,0
0,SP - 9,soportes de concreto para tuberias,379.445,378.351,100.265,5 DE ABRIL DEL 2013,3.17,0
0,SP - 10,soportes de concreto para tuberias,375.769,374.641,100.214,5 DE ABRIL DEL 2013,3.17,0
0,INC - 1,Inclinómetro / Asentamiento,499.972,353.987,98.367,5 DE ABRIL DEL 2013,3.17,0
0,INC - 1,Inclinómetro / Asentamiento,499.955,353.831,98.368,5 DE ABRIL DEL 2013,3.17,0
0,INC - 3 & AST - 3,Inclinómetro / Asentamiento,400.435,435.047,100.091,5 DE ABRIL DEL 2013,3.17,0
0,INC - 3 & AST - 3,Inclinómetro / Asentamiento,400.343,435.096,100.098,5 DE ABRIL DEL 2013,3.17,0
0,INC - 4 & AST - 1,Inclinómetro / Asentamiento,479.579,369.726,100.154,5 DE ABRIL DEL 2013,3.17,0
0,INC - 4 & AST - 1,Inclinómetro / Asentamiento,479.533,369.904,100.08,5 DE ABRIL DEL 2013,3.17,0
0,INC - 5 & AST - 2,Inclinómetro / Asentamiento,484.452,364.428,99.945,5 DE ABRIL DEL 2013,3.17,0
0,INC - 5 & AST - 2,Inclinómetro / Asentamiento,484.41,364.559,99.871,5 DE ABRIL DEL 2013,3.17,0
0,INC - 6 & AST - 4,Inclinómetro / Asentamiento,387.342,369.754,100.246,5 DE ABRIL DEL 2013,3.17,0
0,INC - 6 & AST - 4,Inclinómetro / Asentamiento,387.364,369.873,100.026,5 DE ABRIL DEL 2013,3.17,0
8,DQ - 1,dique del cubeto de los tanques,353.674,417.962,101.527,5 de Septiembre 2013,3.204,0
8,DQ - 2,dique del cubeto de los tanques,353.674,408.71,101.516,5 de Septiembre 2013,3.204,0
8,DQ - 3,dique del cubeto de los tanques,353.661,396.652,101.47,5 de Septiembre 2013,3.204,0
8,DQ - 4,dique del cubeto de los tanques,355.97,391.029,101.43,5 de Septiembre 2013,3.204,0
8,DQ - 5,dique del cubeto de los tanques,373.781,373.166,101.439,5 de Septiembre 2013,3.204,0
8,DQ - 6,dique del cubeto de los tanques,385.414,361.592,101.468,5 de Septiembre 2013,3.204,0
8,DQ - 7,dique del cubeto de los tanques,398.809,348.22,101.503,5 de Septiembre 2013,3.204,0
8,DQ - 8,dique del cubeto de los tanques,409.318,337.812,101.532,5 de Septiembre 2013,3.204,0
8,DQ - 9,dique del cubeto de los tanques,453.226,334.875,101.545,5 de Septiembre 2013,3.204,0
8,DQ - 10,dique del cubeto de los tanques,461.872,334.866,101.526,5 de Septiembre 2013,3.204,0
8,DQ - 11,dique del cubeto de los tanques,468.079,337.519,101.527,5 de Septiembre 2013,3.204,0
8,DQ - 12,dique del cubeto de los tanques,477.66,347.117,101.522,5 de Septiembre 2013,3.204,0
8,DQ - 13,dique del cubeto de los tanques,488.005,357.379,101.415,5 de Septiembre 2013,3.204,0
8,DQ - 14,dique del cubeto de los tanques,494.208,363.554,101.377,5 de Septiembre 2013,3.204,0
8,DQ - 15,dique del cubeto de los tanques,501.129,370.63,101.502,5 de Septiembre 2013,3.204,0
8,DQ - 16,dique del cubeto de los tanques,507.598,376.924,101.54,5 de Septiembre 2013,3.204,0
8,PC - 1,borde cuneta perimetral,327.864,418.465,99.092,5 de Septiembre 2013,3.204,0
8,PC - 2,borde cuneta perimetral,330.009,392.044,98.203,5 de Septiembre 2013,3.204,0
8,PC - 3,borde cuneta perimetral,335.622,384.341,98.149,5 de Septiembre 2013,3.204,0
8,PC - 4,borde cuneta perimetral,360.353,359.657,98.166,5 de Septiembre 2013,3.204,0
8,PC - 5,borde cuneta perimetral,371.401,348.61,98.192,5 de Septiembre 2013,3.204,0
8,PC - 6,borde cuneta perimetral,395.717,324.333,98.288,5 de Septiembre 2013,3.204,0
8,PC - 7,borde cuneta perimetral,481.85,325.048,98.301,5 de Septiembre 2013,3.204,0
8,PC - 8,borde cuneta perimetral,490.424,333.63,98.26,5 de Septiembre 2013,3.204,0
8,PC - 9,borde cuneta perimetral,501.766,344.961,98.208,5 de Septiembre 2013,3.204,0
8,PC - 10,borde cuneta perimetral,509.463,352.656,98.177,5 de Septiembre 2013,3.204,0
8,PC - 11,borde cuneta perimetral,518.826,361.972,98.259,5 de Septiembre 2013,3.204,0
8,PC - 12,borde cuneta perimetral,530.024,373.209,98.31,5 de Septiembre 2013,3.204,0
8,SP - 1,soportes de concreto para tuberias,495.211,351.37,98.613,5 de Septiembre 2013,3.204,0
8,SP - 3,soportes de concreto para tuberias,500.828,356.993,98.552,5 de Septiembre 2013,3.204,0
8,SP - 5,soportes de concreto para tuberias,506.444,362.607,98.62,5 de Septiembre 2013,3.204,0
8,SP - 7,soportes de concreto para tuberias,397.569,353.212,100.524,5 de Septiembre 2013,3.204,0
8,SP - 8,soportes de concreto para tuberias,401.776,357.411,100.55,5 de Septiembre 2013,3.204,0
8,SP - 9,soportes de concreto para tuberias,379.444,378.348,100.262,5 de Septiembre 2013,3.204,0
8,SP - 10,soportes de concreto para tuberias,375.764,374.64,100.211,5 de Septiembre 2013,3.204,0
8,INC - 1,Inclinómetro / Asentamiento,499.966,353.988,98.367,5 de Septiembre 2013,3.204,0
8,INC - 1,Inclinómetro / Asentamiento,499.95,353.83,98.364,5 de Septiembre 2013,3.204,0
8,INC - 3 & AST - 3,Inclinómetro / Asentamiento,400.434,435.046,100.089,5 de Septiembre 2013,3.204,0
8,INC - 3 & AST - 3,Inclinómetro / Asentamiento,400.342,435.095,100.097,5 de Septiembre 2013,3.204,0
8,INC - 4 & AST - 1,Inclinómetro / Asentamiento,479.578,369.726,100.151,5 de Septiembre 2013,3.204,0
8,INC - 4 & AST - 1,Inclinómetro / Asentamiento,479.53,369.906,100.079,5 de Septiembre 2013,3.204,0
8,INC - 5 & AST - 2,Inclinómetro / Asentamiento,484.445,364.432,99.943,5 de Septiembre 2013,3.204,0
8,INC - 5 & AST - 2,Inclinómetro / Asentamiento,484.405,364.562,99.869,5 de Septiembre 2013,3.204,0
8,INC - 6 & AST - 4,Inclinómetro / Asentamiento,387.339,369.754,100.244,5 de Septiembre 2013,3.204,0
8,INC - 6 & AST - 4,Inclinómetro / Asentamiento,387.361,369.872,100.024,5 de Septiembre 2013,3.204,0
9,DQ - 1,dique del cubeto de los tanques,353.672,417.961,101.528,16 de Octubre 2013,2.788,0
9,DQ - 2,dique del cubeto de los tanques,353.672,408.709,101.516,16 de Octubre 2013,2.788,0
9,DQ - 3,dique del cubeto de los tanques,353.657,396.65,101.47,16 de Octubre 2013,2.788,0
9,DQ - 4,dique del cubeto de los tanques,355.967,391.027,101.436,16 de Octubre 2013,2.788,0
9,DQ - 5,dique del cubeto de los tanques,373.778,373.163,101.438,16 de Octubre 2013,2.788,0
9,DQ - 6,dique del cubeto de los tanques,385.411,361.589,101.468,16 de Octubre 2013,2.788,0
9,DQ - 7,dique del cubeto de los tanques,398.806,348.218,101.502,16 de Octubre 2013,2.788,0
9,DQ - 8,dique del cubeto de los tanques,409.317,337.811,101.533,16 de Octubre 2013,2.788,0
9,DQ - 9,dique del cubeto de los tanques,453.226,334.871,101.544,16 de Octubre 2013,2.788,0
9,DQ - 10,dique del cubeto de los tanques,461.872,334.864,101.524,16 de Octubre 2013,2.788,0
9,DQ - 11,dique del cubeto de los tanques,468.079,337.516,101.526,16 de Octubre 2013,2.788,0
9,DQ - 12,dique del cubeto de los tanques,477.661,347.113,101.52,16 de Octubre 2013,2.788,0
9,DQ - 13,dique del cubeto de los tanques,488.006,357.377,101.414,16 de Octubre 2013,2.788,0
9,DQ - 14,dique del cubeto de los tanques,494.209,363.551,101.376,16 de Octubre 2013,2.788,0
9,DQ - 15,dique del cubeto de los tanques,501.129,370.628,101.502,16 de Octubre 2013,2.788,0
9,DQ - 16,dique del cubeto de los tanques,507.598,376.923,101.54,16 de Octubre 2013,2.788,0
9,PC - 1,borde cuneta perimetral,327.865,418.465,99.092,16 de Octubre 2013,2.788,0
9,PC - 2,borde cuneta perimetral,330.008,392.043,98.201,16 de Octubre 2013,2.788,0
9,PC - 3,borde cuneta perimetral,335.621,384.34,98.147,16 de Octubre 2013,2.788,0
9,PC - 4,borde cuneta perimetral,360.351,359.656,98.166,16 de Octubre 2013,2.788,0
9,PC - 5,borde cuneta perimetral,371.399,348.608,98.192,16 de Octubre 2013,2.788,0
9,PC - 6,borde cuneta perimetral,395.713,324.33,98.287,16 de Octubre 2013,2.788,0
9,PC - 7,borde cuneta perimetral,481.85,325.046,98.308,16 de Octubre 2013,2.788,0
9,PC - 8,borde cuneta perimetral,490.424,333.627,98.255,16 de Octubre 2013,2.788,0
9,PC - 9,borde cuneta perimetral,501.767,344.959,98.206,16 de Octubre 2013,2.788,0
9,PC - 10,borde cuneta perimetral,509.464,352.654,98.173,16 de Octubre 2013,2.788,0
9,PC - 11,borde cuneta perimetral,518.827,361.97,98.258,16 de Octubre 2013,2.788,0
9,PC - 12,borde cuneta perimetral,530.024,373.207,98.299,16 de Octubre 2013,2.788,0
9,SP - 1,soportes de concreto para tuberias,495.211,351.369,98.613,16 de Octubre 2013,2.788,0
9,SP - 3,soportes de concreto para tuberias,500.829,356.992,98.55,16 de Octubre 2013,2.788,0
9,SP - 5,soportes de concreto para tuberias,506.444,362.605,98.621,16 de Octubre 2013,2.788,0
9,SP - 7,soportes de concreto para tuberias,397.568,353.211,100.526,16 de Octubre 2013,2.788,0
9,SP - 8,soportes de concreto para tuberias,401.775,357.41,100.552,16 de Octubre 2013,2.788,0
9,SP - 9,soportes de concreto para tuberias,379.441,378.348,100.265,16 de Octubre 2013,2.788,0
9,SP - 10,soportes de concreto para tuberias,375.762,374.639,100.213,16 de Octubre 2013,2.788,0
9,INC - 1,Inclinómetro / Asentamiento,499.968,353.982,98.367,16 de Octubre 2013,2.788,0
9,INC - 1,Inclinómetro / Asentamiento,499.953,353.825,98.364,16 de Octubre 2013,2.788,0
9,INC - 3 & AST - 3,Inclinómetro / Asentamiento,400.434,435.044,100.09,16 de Octubre 2013,2.788,0
9,INC - 3 & AST - 3,Inclinómetro / Asentamiento,400.343,435.093,100.098,16 de Octubre 2013,2.788,0
9,INC - 4 & AST - 1,Inclinómetro / Asentamiento,479.578,369.724,100.155,16 de Octubre 2013,2.788,0
9,INC - 4 & AST - 1,Inclinómetro / Asentamiento,479.53,369.906,100.079,16 de Octubre 2013,2.788,0
9,INC - 5 & AST - 2,Inclinómetro / Asentamiento,484.45,364.427,99.943,16 de Octubre 2013,2.788,0
9,INC - 5 & AST - 2,Inclinómetro / Asentamiento,484.409,364.558,99.868,16 de Octubre 2013,2.788,0
9,INC - 6 & AST - 4,Inclinómetro / Asentamiento,387.339,369.753,100.246,16 de Octubre 2013,2.788,0
9,INC - 6 & AST - 4,Inclinómetro / Asentamiento,387.36,369.871,100.027,16 de Octubre 2013,2.788,0
10,DQ - 1,dique del cubeto de los tanques,353.669,417.961,101.527,14 de Noviembre 2013,3.172,0
10,DQ - 2,dique del cubeto de los tanques,353.667,408.709,101.516,14 de Noviembre 2013,3.172,0
10,DQ - 3,dique del cubeto de los tanques,353.651,396.648,101.469,14 de Noviembre 2013,3.172,0
10,DQ - 4,dique del cubeto de los tanques,355.962,391.026,101.429,14 de Noviembre 2013,3.172,0
10,DQ - 5,dique del cubeto de los tanques,373.774,373.16,101.437,14 de Noviembre 2013,3.172,0
10,DQ - 6,dique del cubeto de los tanques,385.406,361.585,101.468,14 de Noviembre 2013,3.172,0
10,DQ - 7,dique del cubeto de los tanques,398.802,348.215,101.502,14 de Noviembre 2013,3.172,0
10,DQ - 8,dique del cubeto de los tanques,409.313,337.809,101.534,14 de Noviembre 2013,3.172,0
10,DQ - 9,dique del cubeto de los tanques,453.221,334.866,101.545,14 de Noviembre 2013,3.172,0
10,DQ - 10,dique del cubeto de los tanques,461.867,334.86,101.526,14 de Noviembre 2013,3.172,0
10,DQ - 11,dique del cubeto de los tanques,468.075,337.512,101.527,14 de Noviembre 2013,3.172,0
10,DQ - 12,dique del cubeto de los tanques,477.658,347.107,101.521,14 de Noviembre 2013,3.172,0
10,DQ - 13,dique del cubeto de los tanques,488.003,357.371,101.414,14 de Noviembre 2013,3.172,0
10,DQ - 14,dique del cubeto de los tanques,494.206,363.546,101.376,14 de Noviembre 2013,3.172,0
10,DQ - 15,dique del cubeto de los tanques,501.125,370.622,101.502,14 de Noviembre 2013,3.172,0
10,DQ - 16,dique del cubeto de los tanques,507.593,376.918,101.541,14 de Noviembre 2013,3.172,0
10,PC - 1,borde cuneta perimetral,327.863,418.464,99.093,14 de Noviembre 2013,3.172,0
10,PC - 2,borde cuneta perimetral,330.005,392.042,98.197,14 de Noviembre 2013,3.172,0
10,PC - 3,borde cuneta perimetral,335.617,384.339,98.144,14 de Noviembre 2013,3.172,0
10,PC - 4,borde cuneta perimetral,360.349,359.655,98.167,14 de Noviembre 2013,3.172,0
10,PC - 5,borde cuneta perimetral,371.396,348.606,98.192,14 de Noviembre 2013,3.172,0
10,PC - 6,borde cuneta perimetral,395.71,324.328,98.285,14 de Noviembre 2013,3.172,0
10,PC - 7,borde cuneta perimetral,481.847,325.041,98.308,14 de Noviembre 2013,3.172,0
10,PC - 8,borde cuneta perimetral,490.421,333.623,98.254,14 de Noviembre 2013,3.172,0
10,PC - 9,borde cuneta perimetral,501.763,344.954,98.206,14 de Noviembre 2013,3.172,0
10,PC - 10,borde cuneta perimetral,509.459,352.649,98.17,14 de Noviembre 2013,3.172,0
10,PC - 11,borde cuneta perimetral,518.823,361.965,98.259,14 de Noviembre 2013,3.172,0
10,PC - 12,borde cuneta perimetral,530.02,373.202,98.298,14 de Noviembre 2013,3.172,0
10,SP - 1,soportes de concreto para tuberias,495.207,351.363,98.614,14 de Noviembre 2013,3.172,0
10,SP - 3,soportes de concreto para tuberias,500.823,356.987,98.551,14 de Noviembre 2013,3.172,0
10,SP - 5,soportes de concreto para tuberias,506.44,362.601,98.621,14 de Noviembre 2013,3.172,0
10,SP - 7,soportes de concreto para tuberias,397.565,353.209,100.527,14 de Noviembre 2013,3.172,0
10,SP - 8,soportes de concreto para tuberias,401.772,357.409,100.551,14 de Noviembre 2013,3.172,0
10,SP - 9,soportes de concreto para tuberias,379.438,378.347,100.264,14 de Noviembre 2013,3.172,0
10,SP - 10,soportes de concreto para tuberias,375.76,374.638,100.211,14 de Noviembre 2013,3.172,0
10,INC - 1,Inclinómetro / Asentamiento,499.964,353.978,98.368,14 de Noviembre 2013,3.172,0
10,INC - 1,Inclinómetro / Asentamiento,499.948,353.822,98.365,14 de Noviembre 2013,3.172,0
10,INC - 3 & AST - 3,Inclinómetro / Asentamiento,400.432,435.043,100.09,14 de Noviembre 2013,3.172,0
10,INC - 3 & AST - 3,Inclinómetro / Asentamiento,400.341,435.093,100.098,14 de Noviembre 2013,3.172,0
10,INC - 4 & AST - 1,Inclinómetro / Asentamiento,479.574,369.721,100.153,14 de Noviembre 2013,3.172,0
10,INC - 4 & AST - 1,Inclinómetro / Asentamiento,479.526,369.902,100.081,14 de Noviembre 2013,3.172,0
10,INC - 5 & AST - 2,Inclinómetro / Asentamiento,484.445,364.423,99.945,14 de Noviembre 2013,3.172,0
10,INC - 5 & AST - 2,Inclinómetro / Asentamiento,484.405,364.553,99.871,14 de Noviembre 2013,3.172,0
10,INC - 6 & AST - 4,Inclinómetro / Asentamiento,387.337,369.751,100.247,14 de Noviembre 2013,3.172,0
10,INC - 6 & AST - 4,Inclinómetro / Asentamiento,387.357,369.87,100.027,14 de Noviembre 2013,3.172,0
12,DQ - 1,dique del cubeto de los tanques,353.671,417.96,101.525,03 SEPTIEMBRE 2015,3.614,0
12,DQ - 2,dique del cubeto de los tanques,353.668,408.708,101.513,03 SEPTIEMBRE 2015,3.614,0
12,DQ - 3,dique del cubeto de los tanques,353.643,396.642,101.459,03 SEPTIEMBRE 2015,3.614,0
12,DQ - 4,dique del cubeto de los tanques,355.951,391.016,101.415,03 SEPTIEMBRE 2015,3.614,0
12,DQ - 5,dique del cubeto de los tanques,373.771,373.156,101.43,03 SEPTIEMBRE 2015,3.614,0
12,DQ - 6,dique del cubeto de los tanques,385.406,361.582,101.462,03 SEPTIEMBRE 2015,3.614,0
12,DQ - 7,dique del cubeto de los tanques,398.802,348.213,101.498,03 SEPTIEMBRE 2015,3.614,0
12,DQ - 8,dique del cubeto de los tanques,409.313,337.806,101.531,03 SEPTIEMBRE 2015,3.614,0
12,DQ - 9,dique del cubeto de los tanques,453.23,334.867,101.542,03 SEPTIEMBRE 2015,3.614,0
12,DQ - 10,dique del cubeto de los tanques,461.875,334.861,101.523,03 SEPTIEMBRE 2015,3.614,0
12,DQ - 11,dique del cubeto de los tanques,468.083,337.513,101.524,03 SEPTIEMBRE 2015,3.614,0
12,DQ - 12,dique del cubeto de los tanques,477.667,347.111,101.517,03 SEPTIEMBRE 2015,3.614,0
12,DQ - 13,dique del cubeto de los tanques,488.014,357.373,101.406,03 SEPTIEMBRE 2015,3.614,0
12,DQ - 14,dique del cubeto de los tanques,494.217,363.548,101.368,03 SEPTIEMBRE 2015,3.614,0
12,DQ - 15,dique del cubeto de los tanques,501.133,370.629,101.498,03 SEPTIEMBRE 2015,3.614,0
12,DQ - 16,dique del cubeto de los tanques,507.6,376.926,101.538,03 SEPTIEMBRE 2015,3.614,0
12,PC - 1,borde cuneta perimetral,327.856,418.46,99.085,03 SEPTIEMBRE 2015,3.614,0
12,PC - 2,borde cuneta perimetral,329.977,392.024,98.152,03 SEPTIEMBRE 2015,3.614,0
12,PC - 3,borde cuneta perimetral,335.592,384.327,98.103,03 SEPTIEMBRE 2015,3.614,0
12,PC - 4,borde cuneta perimetral,360.338,359.646,98.15,03 SEPTIEMBRE 2015,3.614,0
12,PC - 5,borde cuneta perimetral,371.386,348.596,98.174,03 SEPTIEMBRE 2015,3.614,0
12,PC - 6,borde cuneta perimetral,395.703,324.318,98.269,03 SEPTIEMBRE 2015,3.614,0
12,PC - 7,borde cuneta perimetral,481.862,325.041,98.294,03 SEPTIEMBRE 2015,3.614,0
12,PC - 8,borde cuneta perimetral,490.439,333.622,98.231,03 SEPTIEMBRE 2015,3.614,0
12,PC - 9,borde cuneta perimetral,501.778,344.945,98.178,03 SEPTIEMBRE 2015,3.614,0
12,PC - 10,borde cuneta perimetral,509.472,352.644,98.141,03 SEPTIEMBRE 2015,3.614,0
12,PC - 11,borde cuneta perimetral,518.834,361.962,98.24,03 SEPTIEMBRE 2015,3.614,0
12,PC - 12,borde cuneta perimetral,530.03,373.201,98.276,03 SEPTIEMBRE 2015,3.614,0
12,SP - 1,soportes de concreto para tuberias,495.224,351.364,98.596,03 SEPTIEMBRE 2015,3.614,0
12,SP - 3,soportes de concreto para tuberias,500.84,356.988,98.533,03 SEPTIEMBRE 2015,3.614,0
12,SP - 5,soportes de concreto para tuberias,506.454,362.604,98.608,03 SEPTIEMBRE 2015,3.614,0
12,SP - 7,soportes de concreto para tuberias,397.566,353.206,100.525,03 SEPTIEMBRE 2015,3.614,0
12,SP - 8,soportes de concreto para tuberias,401.774,357.406,100.55,03 SEPTIEMBRE 2015,3.614,0
12,SP - 9,soportes de concreto para tuberias,379.436,378.343,100.259,03 SEPTIEMBRE 2015,3.614,0
12,SP - 10,soportes de concreto para tuberias,375.756,374.635,100.207,03 SEPTIEMBRE 2015,3.614,0
12,INC - 1,Inclinómetro / Asentamiento,499.981,353.978,98.353,03 SEPTIEMBRE 2015,3.614,0
12,INC - 1,Inclinómetro / Asentamiento,499.966,353.822,98.345,03 SEPTIEMBRE 2015,3.614,0
12,INC - 3 & AST - 3,Inclinómetro / Asentamiento,400.434,435.045,100.091,03 SEPTIEMBRE 2015,3.614,0
12,INC - 3 & AST - 3,Inclinómetro / Asentamiento,400.343,435.094,100.099,03 SEPTIEMBRE 2015,3.614,0
12,INC - 4 & AST - 1,Inclinómetro / Asentamiento,479.58,369.725,100.153,03 SEPTIEMBRE 2015,3.614,0
12,INC - 4 & AST - 1,Inclinómetro / Asentamiento,479.531,369.907,100.08,03 SEPTIEMBRE 2015,3.614,0
12,INC - 5 & AST - 2,Inclinómetro / Asentamiento,484.455,364.43,99.944,03 SEPTIEMBRE 2015,3.614,0
12,INC - 5 & AST - 2,Inclinómetro / Asentamiento,484.414,364.56,99.867,03 SEPTIEMBRE 2015,3.614,0
12,INC - 6 & AST - 4,Inclinómetro / Asentamiento,387.336,369.749,100.247,03 SEPTIEMBRE 2015,3.614,0
12,INC - 6 & AST - 4,Inclinómetro / Asentamiento,387.357,369.866,100.022,03 SEPTIEMBRE 2015,3.614,0
14,DQ - 1,dique del cubeto de los tanques,353.671,417.96,101.528,30 Abril 2016,3.159,0
14,DQ - 2,dique del cubeto de los tanques,353.666,408.707,101.513,30 Abril 2016,3.159,0
14,DQ - 3,dique del cubeto de los tanques,353.641,396.642,101.457,30 Abril 2016,3.159,0
14,DQ - 4,dique del cubeto de los tanques,355.948,391.015,101.412,30 Abril 2016,3.159,0
14,DQ - 5,dique del cubeto de los tanques,373.77,373.157,101.43,30 Abril 2016,3.159,0
14,DQ - 6,dique del cubeto de los tanques,385.406,361.583,101.463,30 Abril 2016,3.159,0
14,DQ - 7,dique del cubeto de los tanques,398.802,348.215,101.497,30 Abril 2016,3.159,0
14,DQ - 8,dique del cubeto de los tanques,409.312,337.807,101.534,30 Abril 2016,3.159,0
14,DQ - 9,dique del cubeto de los tanques,453.226,334.866,101.547,30 Abril 2016,3.159,0
14,DQ - 10,dique del cubeto de los tanques,461.871,334.856,101.525,30 Abril 2016,3.159,0
14,DQ - 11,dique del cubeto de los tanques,468.078,337.507,101.525,30 Abril 2016,3.159,0
14,DQ - 12,dique del cubeto de los tanques,477.663,347.105,101.517,30 Abril 2016,3.159,0
14,DQ - 13,dique del cubeto de los tanques,488.013,357.365,101.403,30 Abril 2016,3.159,0
14,DQ - 14,dique del cubeto de los tanques,494.216,363.539,101.363,30 Abril 2016,3.159,0
14,DQ - 15,dique del cubeto de los tanques,501.131,370.62,101.499,30 Abril 2016,3.159,0
14,DQ - 16,dique del cubeto de los tanques,507.599,376.919,101.542,30 Abril 2016,3.159,0
14,PC - 1,borde cuneta perimetral,327.853,418.46,99.082,30 Abril 2016,3.159,0
14,PC - 2,borde cuneta perimetral,329.975,392.022,98.149,30 Abril 2016,3.159,0
14,PC - 3,borde cuneta perimetral,335.589,384.325,98.095,30 Abril 2016,3.159,0
14,PC - 4,borde cuneta perimetral,360.334,359.644,98.146,30 Abril 2016,3.159,0
14,PC - 5,borde cuneta perimetral,371.384,348.596,98.172,30 Abril 2016,3.159,0
14,PC - 6,borde cuneta perimetral,395.706,324.322,98.282,30 Abril 2016,3.159,0
14,PC - 7,borde cuneta perimetral,481.855,325.037,98.304,30 Abril 2016,3.159,0
14,PC - 8,borde cuneta perimetral,490.432,333.618,98.244,30 Abril 2016,3.159,0
14,PC - 9,borde cuneta perimetral,501.772,344.938,98.177,30 Abril 2016,3.159,0
14,PC - 10,borde cuneta perimetral,509.467,352.635,98.154,30 Abril 2016,3.159,0
14,PC - 11,borde cuneta perimetral,518.831,361.953,98.246,30 Abril 2016,3.159,0
14,PC - 12,borde cuneta perimetral,530.027,373.193,98.294,30 Abril 2016,3.159,0
14,SP - 1,soportes de concreto para tuberias,495.223,351.356,98.589,30 Abril 2016,3.159,0
14,SP - 3,soportes de concreto para tuberias,500.839,356.98,98.525,30 Abril 2016,3.159,0
14,SP - 5,soportes de concreto para tuberias,506.454,362.595,98.603,30 Abril 2016,3.159,0
14,SP - 7,soportes de concreto para tuberias,397.566,353.206,100.521,30 Abril 2016,3.159,0
14,SP - 8,soportes de concreto para tuberias,401.774,357.406,100.548,30 Abril 2016,3.159,0
14,SP - 9,soportes de concreto para tuberias,379.436,378.342,100.257,30 Abril 2016,3.159,0
14,SP - 10,soportes de concreto para tuberias,375.755,374.633,100.204,30 Abril 2016,3.159,0
14,INC - 1,Inclinómetro / Asentamiento,499.979,353.968,98.351,30 Abril 2016,3.159,0
14,INC - 1,Inclinómetro / Asentamiento,499.962,353.812,98.34,30 Abril 2016,3.159,0
14,INC - 3 & AST - 3,Inclinómetro / Asentamiento,400.436,435.043,100.094,30 Abril 2016,3.159,0
14,INC - 3 & AST - 3,Inclinómetro / Asentamiento,400.344,435.092,100.101,30 Abril 2016,3.159,0
14,INC - 4 & AST - 1,Inclinómetro / Asentamiento,479.578,369.72,100.153,30 Abril 2016,3.159,0
14,INC - 4 & AST - 1,Inclinómetro / Asentamiento,479.529,369.902,100.081,30 Abril 2016,3.159,0
14,INC - 5 & AST - 2,Inclinómetro / Asentamiento,484.453,364.423,99.947,30 Abril 2016,3.159,0
14,INC - 5 & AST - 2,Inclinómetro / Asentamiento,484.411,364.551,99.869,30 Abril 2016,3.159,0
14,INC - 6 & AST - 4,Inclinómetro / Asentamiento,387.336,369.748,100.244,30 Abril 2016,3.159,0
14,INC - 6 & AST - 4,Inclinómetro / Asentamiento,387.356,369.867,100.023,30 Abril 2016,3.159,0
15,DQ - 1,dique del cubeto de los tanques,353.665,417.958,101.526,03 FEBRERO 2017,3.671,0
15,DQ - 2,dique del cubeto de los tanques,353.66,408.705,101.51,03 FEBRERO 2017,3.671,0
15,DQ - 3,dique del cubeto de los tanques,353.635,396.637,101.452,03 FEBRERO 2017,3.671,0
15,DQ - 4,dique del cubeto de los tanques,355.945,391.011,101.405,03 FEBRERO 2017,3.671,0
15,DQ - 5,dique del cubeto de los tanques,373.766,373.153,101.424,03 FEBRERO 2017,3.671,0
15,DQ - 6,dique del cubeto de los tanques,385.401,361.579,101.457,03 FEBRERO 2017,3.671,0
15,DQ - 7,dique del cubeto de los tanques,398.8,348.211,101.494,03 FEBRERO 2017,3.671,0
15,DQ - 8,dique del cubeto de los tanques,409.31,337.803,101.531,03 FEBRERO 2017,3.671,0
15,DQ - 9,dique del cubeto de los tanques,453.228,334.857,101.541,03 FEBRERO 2017,3.671,0
15,DQ - 10,dique del cubeto de los tanques,461.872,334.853,101.521,03 FEBRERO 2017,3.671,0
15,DQ - 11,dique del cubeto de los tanques,468.081,337.504,101.52,03 FEBRERO 2017,3.671,0
15,DQ - 12,dique del cubeto de los tanques,477.667,347.1,101.511,03 FEBRERO 2017,3.671,0
15,DQ - 13,dique del cubeto de los tanques,488.019,357.358,101.395,03 FEBRERO 2017,3.671,0
15,DQ - 14,dique del cubeto de los tanques,494.223,363.531,101.354,03 FEBRERO 2017,3.671,0
15,DQ - 15,dique del cubeto de los tanques,501.134,370.616,101.493,03 FEBRERO 2017,3.671,0
15,DQ - 16,dique del cubeto de los tanques,507.6,376.918,101.536,03 FEBRERO 2017,3.671,0
15,PC - 1,borde cuneta perimetral,327.848,418.459,99.076,03 FEBRERO 2017,3.671,0
15,PC - 2,borde cuneta perimetral,329.967,392.019,98.141,03 FEBRERO 2017,3.671,0
15,PC - 3,borde cuneta perimetral,335.581,384.319,98.086,03 FEBRERO 2017,3.671,0
15,PC - 4,borde cuneta perimetral,360.33,359.638,98.142,03 FEBRERO 2017,3.671,0
15,PC - 5,borde cuneta perimetral,371.378,348.588,98.165,03 FEBRERO 2017,3.671,0
15,PC - 6,borde cuneta perimetral,395.7,324.316,98.277,03 FEBRERO 2017,3.671,0
15,PC - 7,borde cuneta perimetral,481.86,325.034,98.295,03 FEBRERO 2017,3.671,0
15,PC - 8,borde cuneta perimetral,490.44,333.613,98.22800000000001,03 FEBRERO 2017,3.671,0
15,PC - 9,borde cuneta perimetral,501.782,344.928,98.15,03 FEBRERO 2017,3.671,0
15,PC - 10,borde cuneta perimetral,509.476,352.626,98.123,03 FEBRERO 2017,3.671,0
15,PC - 11,borde cuneta perimetral,518.838,361.945,98.226,03 FEBRERO 2017,3.671,0
15,PC - 12,borde cuneta perimetral,530.031,373.187,98.28,03 FEBRERO 2017,3.671,0
15,SP - 1,soportes de concreto para tuberias,495.232,351.35,98.572,03 FEBRERO 2017,3.671,0
15,SP - 3,soportes de concreto para tuberias,500.848,356.975,98.508,03 FEBRERO 2017,3.671,0
15,SP - 5,soportes de concreto para tuberias,506.462,362.593,98.59,03 FEBRERO 2017,3.671,0
15,SP - 7,soportes de concreto para tuberias,397.566,353.204,100.521,03 FEBRERO 2017,3.671,0
15,SP - 8,soportes de concreto para tuberias,401.774,357.405,100.546,03 FEBRERO 2017,3.671,0
15,SP - 9,soportes de concreto para tuberias,379.435,378.34,100.255,03 FEBRERO 2017,3.671,0
15,SP - 10,soportes de concreto para tuberias,375.754,374.63,100.202,03 FEBRERO 2017,3.671,0
15,INC - 1,Inclinómetro / Asentamiento,499.99,353.966,98.334,03 FEBRERO 2017,3.671,0
15,INC - 1,Inclinómetro / Asentamiento,499.972,353.808,98.321,03 FEBRERO 2017,3.671,0
15,INC - 3 & AST - 3,Inclinómetro / Asentamiento,400.438,435.043,100.094,03 FEBRERO 2017,3.671,0
15,INC - 3 & AST - 3,Inclinómetro / Asentamiento,400.347,435.091,100.103,03 FEBRERO 2017,3.671,0
15,INC - 4 & AST - 1,Inclinómetro / Asentamiento,479.577,369.719,100.151,03 FEBRERO 2017,3.671,0
15,INC - 4 & AST - 1,Inclinómetro / Asentamiento,479.531,369.9,100.078,03 FEBRERO 2017,3.671,0
15,INC - 5 & AST - 2,Inclinómetro / Asentamiento,484.455,364.42,99.945,03 FEBRERO 2017,3.671,0
15,INC - 5 & AST - 2,Inclinómetro / Asentamiento,484.414,364.55,99.865,03 FEBRERO 2017,3.671,0
15,INC - 6 & AST - 4,Inclinómetro / Asentamiento,387.336,369.747,100.243,03 FEBRERO 2017,3.671,0
15,INC - 6 & AST - 4,Inclinómetro / Asentamiento,387.354,369.865,100.022,03 FEBRERO 2017,3.671,0
17,DQ - 1,dique del cubeto de los tanques,353.658,417.956,101.531,02 DE SEPT. 2020,2.723,0
17,DQ - 2,dique del cubeto de los tanques,353.652,408.702,101.513,02 DE SEPT. 2020,2.723,0
17,DQ - 3,dique del cubeto de los tanques,353.63,396.632,101.45,02 DE SEPT. 2020,2.723,0
17,DQ - 4,dique del cubeto de los tanques,355.939,391.005,101.404,02 DE SEPT. 2020,2.723,0
17,DQ - 5,dique del cubeto de los tanques,373.763,373.15,101.421,02 DE SEPT. 2020,2.723,0
17,DQ - 6,dique del cubeto de los tanques,385.399,361.577,101.457,02 DE SEPT. 2020,2.723,0
17,DQ - 7,dique del cubeto de los tanques,398.795,348.208,101.49,02 DE SEPT. 2020,2.723,0
17,DQ - 8,dique del cubeto de los tanques,409.304,337.799,101.53,02 DE SEPT. 2020,2.723,0
17,DQ - 9,dique del cubeto de los tanques,453.23,334.857,101.545,02 DE SEPT. 2020,2.723,0
17,DQ - 10,dique del cubeto de los tanques,461.874,334.847,101.52,02 DE SEPT. 2020,2.723,0
17,DQ - 11,dique del cubeto de los tanques,468.083,337.497,101.519,02 DE SEPT. 2020,2.723,0
17,DQ - 12,dique del cubeto de los tanques,477.672,347.092,101.508,02 DE SEPT. 2020,2.723,0
17,DQ - 13,dique del cubeto de los tanques,488.031,357.345,101.38,02 DE SEPT. 2020,2.723,0
17,DQ - 14,dique del cubeto de los tanques,494.244,363.508,101.336,02 DE SEPT. 2020,2.723,0
17,DQ - 15,dique del cubeto de los tanques,501.139,370.604,101.488,02 DE SEPT. 2020,2.723,0
17,DQ - 16,dique del cubeto de los tanques,507.604,376.912,101.532,02 DE SEPT. 2020,2.723,0
17,PC - 1,borde cuneta perimetral,327.846,418.455,99.071,02 DE SEPT. 2020,2.723,0
17,PC - 2,borde cuneta perimetral,329.948,392.013,98.122,02 DE SEPT. 2020,2.723,0
17,PC - 3,borde cuneta perimetral,335.563,384.304,98.06400000000001,02 DE SEPT. 2020,2.723,0
17,PC - 4,borde cuneta perimetral,360.322,359.634,98.129,02 DE SEPT. 2020,2.723,0
17,PC - 5,borde cuneta perimetral,371.373,348.585,98.158,02 DE SEPT. 2020,2.723,0
17,PC - 6,borde cuneta perimetral,395.693,324.308,98.263,02 DE SEPT. 2020,2.723,0
17,PC - 7,borde cuneta perimetral,481.863,325.03,98.291,02 DE SEPT. 2020,2.723,0
17,PC - 8,borde cuneta perimetral,490.449,333.601,98.21,02 DE SEPT. 2020,2.723,0
17,PC - 9,borde cuneta perimetral,501.788,344.905,98.119,02 DE SEPT. 2020,2.723,0
17,PC - 10,borde cuneta perimetral,509.484,352.601,98.09299999999999,02 DE SEPT. 2020,2.723,0
17,PC - 11,borde cuneta perimetral,518.846,361.92,98.204,02 DE SEPT. 2020,2.723,0
17,PC - 12,borde cuneta perimetral,530.036,373.165,98.26899999999999,02 DE SEPT. 2020,2.723,0
17,SP - 1,soportes de concreto para tuberias,495.242,351.338,98.55,02 DE SEPT. 2020,2.723,0
17,SP - 3,soportes de concreto para tuberias,500.859,356.961,98.483,02 DE SEPT. 2020,2.723,0
17,SP - 5,soportes de concreto para tuberias,506.472,362.579,98.57,02 DE SEPT. 2020,2.723,0
17,SP - 7,soportes de concreto para tuberias,397.565,353.201,100.52,02 DE SEPT. 2020,2.723,0
17,SP - 8,soportes de concreto para tuberias,401.772,357.4,100.548,02 DE SEPT. 2020,2.723,0
17,SP - 9,soportes de concreto para tuberias,379.432,378.337,100.256,02 DE SEPT. 2020,2.723,0
17,SP - 10,soportes de concreto para tuberias,375.75,374.627,100.2,02 DE SEPT. 2020,2.723,0
17,INC - 1,Inclinómetro / Asentamiento,500.001,353.95,98.319,02 DE SEPT. 2020,2.723,0
17,INC - 1,Inclinómetro / Asentamiento,499.982,353.793,98.295,02 DE SEPT. 2020,2.723,0
17,INC - 3 & AST - 3,Inclinómetro / Asentamiento,400.439,435.041,100.099,02 DE SEPT. 2020,2.723,0
17,INC - 3 & AST - 3,Inclinómetro / Asentamiento,400.348,435.089,100.107,02 DE SEPT. 2020,2.723,0
17,INC - 4 & AST - 1,Inclinómetro / Asentamiento,479.582,369.718,100.154,02 DE SEPT. 2020,2.723,0
17,INC - 4 & AST - 1,Inclinómetro / Asentamiento,479.534,369.899,100.08,02 DE SEPT. 2020,2.723,0
17,INC - 5 & AST - 2,Inclinómetro / Asentamiento,484.461,364.415,99.945,02 DE SEPT. 2020,2.723,0
17,INC - 5 & AST - 2,Inclinómetro / Asentamiento,484.422,364.546,99.865,02 DE SEPT. 2020,2.723,0
17,INC - 6 & AST - 4,Inclinómetro / Asentamiento,387.333,369.745,100.245,02 DE SEPT. 2020,2.723,0
17,INC - 6 & AST - 4,Inclinómetro / Asentamiento,387.352,369.862,100.021,02 DE SEPT. 2020,2.723,0
18,DQ - 1,dique del cubeto de los tanques,353.659,417.957,101.533,02 de Agosto 2021,2.289,0
18,DQ - 2,dique del cubeto de los tanques,353.653,408.703,101.514,02 de Agosto 2021,2.289,0
18,DQ - 3,dique del cubeto de los tanques,353.633,396.633,101.451,02 de Agosto 2021,2.289,0
18,DQ - 4,dique del cubeto de los tanques,355.941,391.006,101.404,02 de Agosto 2021,2.289,0
18,DQ - 5,dique del cubeto de los tanques,373.766,373.153,101.422,02 de Agosto 2021,2.289,0
18,DQ - 6,dique del cubeto de los tanques,385.401,361.58,101.456,02 de Agosto 2021,2.289,0
18,DQ - 7,dique del cubeto de los tanques,398.798,348.212,101.492,02 de Agosto 2021,2.289,0
18,DQ - 8,dique del cubeto de los tanques,409.307,337.805,101.533,02 de Agosto 2021,2.289,0
18,DQ - 9,dique del cubeto de los tanques,453.232,334.865,101.549,02 de Agosto 2021,2.289,0
18,DQ - 10,dique del cubeto de los tanques,461.875,334.854,101.523,02 de Agosto 2021,2.289,0
18,DQ - 11,dique del cubeto de los tanques,468.084,337.503,101.522,02 de Agosto 2021,2.289,0
18,DQ - 12,dique del cubeto de los tanques,477.673,347.099,101.51,02 de Agosto 2021,2.289,0
18,DQ - 13,dique del cubeto de los tanques,488.032,357.35,101.38,02 de Agosto 2021,2.289,0
18,DQ - 14,dique del cubeto de los tanques,494.247,363.51,101.326,02 de Agosto 2021,2.289,0
18,DQ - 15,dique del cubeto de los tanques,501.139,370.61,101.49,02 de Agosto 2021,2.289,0
18,DQ - 16,dique del cubeto de los tanques,507.604,376.917,101.535,02 de Agosto 2021,2.289,0
18,PC - 1,borde cuneta perimetral,327.847,418.455,99.073,02 de Agosto 2021,2.289,0
18,PC - 2,borde cuneta perimetral,329.95,392.014,98.10499999999999,02 de Agosto 2021,2.289,0
18,PC - 3,borde cuneta perimetral,335.568,384.308,98.077,02 de Agosto 2021,2.289,0
18,PC - 4,borde cuneta perimetral,360.323,359.637,98.13,02 de Agosto 2021,2.289,0
18,PC - 5,borde cuneta perimetral,371.374,348.588,98.16,02 de Agosto 2021,2.289,0
18,PC - 6,borde cuneta perimetral,395.697,324.315,98.271,02 de Agosto 2021,2.289,0
18,PC - 7,borde cuneta perimetral,481.865,325.038,98.295,02 de Agosto 2021,2.289,0
18,PC - 8,borde cuneta perimetral,490.454,333.607,98.205,02 de Agosto 2021,2.289,0
18,PC - 9,borde cuneta perimetral,501.794,344.904,98.096,02 de Agosto 2021,2.289,0
18,PC - 10,borde cuneta perimetral,509.489,352.6,98.073,02 de Agosto 2021,2.289,0
18,PC - 11,borde cuneta perimetral,518.851,361.919,98.194,02 de Agosto 2021,2.289,0
18,PC - 12,borde cuneta perimetral,530.034,373.171,98.274,02 de Agosto 2021,2.289,0
18,SP - 1,soportes de concreto para tuberias,495.247,351.339,98.54,02 de Agosto 2021,2.289,0
18,SP - 3,soportes de concreto para tuberias,500.866,356.961,98.472,02 de Agosto 2021,2.289,0
18,SP - 5,soportes de concreto para tuberias,506.477,362.582,98.564,02 de Agosto 2021,2.289,0
18,SP - 7,soportes de concreto para tuberias,397.568,353.204,100.515,02 de Agosto 2021,2.289,0
18,SP - 8,soportes de concreto para tuberias,401.777,357.403,100.542,02 de Agosto 2021,2.289,0
18,SP - 9,soportes de concreto para tuberias,379.433,378.339,100.252,02 de Agosto 2021,2.289,0
18,SP - 10,soportes de concreto para tuberias,375.751,374.63,100.196,02 de Agosto 2021,2.289,0
18,INC - 1,Inclinómetro / Asentamiento,500.007,353.95,98.308,02 de Agosto 2021,2.289,0
18,INC - 1,Inclinómetro / Asentamiento,499.991,353.792,98.283,02 de Agosto 2021,2.289,0
18,INC - 3 & AST - 3,Inclinómetro / Asentamiento,400.442,435.042,100.093,02 de Agosto 2021,2.289,0
18,INC - 3 & AST - 3,Inclinómetro / Asentamiento,400.35,435.09,100.104,02 de Agosto 2021,2.289,0
18,INC - 4 & AST - 1,Inclinómetro / Asentamiento,479.58,369.726,100.146,02 de Agosto 2021,2.289,0
18,INC - 4 & AST - 1,Inclinómetro / Asentamiento,479.532,369.907,100.074,02 de Agosto 2021,2.289,0
18,INC - 5 & AST - 2,Inclinómetro / Asentamiento,484.463,364.423,99.94,02 de Agosto 2021,2.289,0
18,INC - 5 & AST - 2,Inclinómetro / Asentamiento,484.422,364.554,99.86,02 de Agosto 2021,2.289,0
18,INC - 6 & AST - 4,Inclinómetro / Asentamiento,387.336,369.748,100.241,02 de Agosto 2021,2.289,0
18,INC - 6 & AST - 4,Inclinómetro / Asentamiento,387.355,369.865,100.016,02 de Agosto 2021,2.289,0
19,DQ - 1,dique del cubeto de los tanques,353.656,417.957,101.535,06 de Abril 2022,2.765,0
19,DQ - 2,dique del cubeto de los tanques,353.65,408.703,101.517,06 de Abril 2022,2.765,0
19,DQ - 3,dique del cubeto de los tanques,353.632,396.633,101.452,06 de Abril 2022,2.765,0
19,DQ - 4,dique del cubeto de los tanques,355.94,391.006,101.404,06 de Abril 2022,2.765,0
19,DQ - 5,dique del cubeto de los tanques,373.765,373.152,101.421,06 de Abril 2022,2.765,0
19,DQ - 6,dique del cubeto de los tanques,385.4,361.579,101.456,06 de Abril 2022,2.765,0
19,DQ - 7,dique del cubeto de los tanques,398.798,348.212,101.491,06 de Abril 2022,2.765,0
19,DQ - 8,dique del cubeto de los tanques,409.305,337.804,101.533,06 de Abril 2022,2.765,0
19,DQ - 9,dique del cubeto de los tanques,453.232,334.863,101.549,06 de Abril 2022,2.765,0
19,DQ - 10,dique del cubeto de los tanques,461.875,334.851,101.523,06 de Abril 2022,2.765,0
19,DQ - 11,dique del cubeto de los tanques,468.084,337.5,101.521,06 de Abril 2022,2.765,0
19,DQ - 12,dique del cubeto de los tanques,477.673,347.095,101.508,06 de Abril 2022,2.765,0
19,DQ - 13,dique del cubeto de los tanques,488.034,357.345,101.374,06 de Abril 2022,2.765,0
19,DQ - 14,dique del cubeto de los tanques,494.253,363.502,101.328,06 de Abril 2022,2.765,0
19,DQ - 15,dique del cubeto de los tanques,501.139,370.607,101.486,06 de Abril 2022,2.765,0
19,DQ - 16,dique del cubeto de los tanques,507.603,376.917,101.533,06 de Abril 2022,2.765,0
19,PC - 1,borde cuneta perimetral,327.845,418.456,99.073,06 de Abril 2022,2.765,0
19,PC - 2,borde cuneta perimetral,329.948,392.015,98.122,06 de Abril 2022,2.765,0
19,PC - 3,borde cuneta perimetral,335.565,384.306,98.067,06 de Abril 2022,2.765,0
19,PC - 4,borde cuneta perimetral,360.323,359.634,98.129,06 de Abril 2022,2.765,0
19,PC - 5,borde cuneta perimetral,371.375,348.586,98.159,06 de Abril 2022,2.765,0
19,PC - 6,borde cuneta perimetral,395.697,324.312,98.27,06 de Abril 2022,2.765,0
19,PC - 7,borde cuneta perimetral,481.868,325.035,98.292,06 de Abril 2022,2.765,0
19,PC - 8,borde cuneta perimetral,490.461,333.604,98.195,06 de Abril 2022,2.765,0
19,PC - 9,borde cuneta perimetral,501.802,344.895,98.078,06 de Abril 2022,2.765,0
19,PC - 10,borde cuneta perimetral,509.497,352.592,98.054,06 de Abril 2022,2.765,0
19,PC - 11,borde cuneta perimetral,518.856,361.915,98.182,06 de Abril 2022,2.765,0
19,PC - 12,borde cuneta perimetral,530.033,373.173,98.27,06 de Abril 2022,2.765,0
19,SP - 1,soportes de concreto para tuberias,495.254,351.334,98.528,06 de Abril 2022,2.765,0
19,SP - 3,soportes de concreto para tuberias,500.873,356.956,98.459,06 de Abril 2022,2.765,0
19,SP - 5,soportes de concreto para tuberias,506.483,362.58,98.55,06 de Abril 2022,2.765,0
19,SP - 7,soportes de concreto para tuberias,397.566,353.203,100.518,06 de Abril 2022,2.765,0
19,SP - 8,soportes de concreto para tuberias,401.776,357.402,100.545,06 de Abril 2022,2.765,0
19,SP - 9,soportes de concreto para tuberias,379.432,378.338,100.25,06 de Abril 2022,2.765,0
19,SP - 10,soportes de concreto para tuberias,375.75,374.629,100.197,06 de Abril 2022,2.765,0
19,INC - 1,Inclinómetro / Asentamiento,500.016,353.944,98.298,06 de Abril 2022,2.765,0
19,INC - 1,Inclinómetro / Asentamiento,500.0,353.787,98.269,06 de Abril 2022,2.765,0
19,INC - 3 & AST - 3,Inclinómetro / Asentamiento,400.441,435.045,100.104,06 de Abril 2022,2.765,0
19,INC - 3 & AST - 3,Inclinómetro / Asentamiento,400.349,435.094,100.11,06 de Abril 2022,2.765,0
19,INC - 4 & AST - 1,Inclinómetro / Asentamiento,479.581,369.719,100.155,06 de Abril 2022,2.765,0
19,INC - 4 & AST - 1,Inclinómetro / Asentamiento,479.533,369.901,100.079,06 de Abril 2022,2.765,0
19,INC - 5 & AST - 2,Inclinómetro / Asentamiento,484.465,364.415,99.943,06 de Abril 2022,2.765,0
19,INC - 5 & AST - 2,Inclinómetro / Asentamiento,484.424,364.546,99.861,06 de Abril 2022,2.765,0
19,INC - 6 & AST - 4,Inclinómetro / Asentamiento,387.333,369.747,100.241,06 de Abril 2022,2.765,0
19,INC - 6 & AST - 4,Inclinómetro / Asentamiento,387.354,369.865,100.019,06 de Abril 2022,2.765,0
20,DQ - 1,dique del cubeto de los tanques,353.657,417.958,101.526,29 de Julio 2022,2.709,0
20,DQ - 2,dique del cubeto de los tanques,353.652,408.703,101.517,29 de Julio 2022,2.709,0
20,DQ - 3,dique del cubeto de los tanques,353.634,396.632,101.453,29 de Julio 2022,2.709,0
20,DQ - 4,dique del cubeto de los tanques,355.942,391.006,101.407,29 de Julio 2022,2.709,0
20,DQ - 5,dique del cubeto de los tanques,373.769,373.153,101.422,29 de Julio 2022,2.709,0
20,DQ - 6,dique del cubeto de los tanques,385.405,361.582,101.456,29 de Julio 2022,2.709,0
20,DQ - 7,dique del cubeto de los tanques,398.803,348.214,101.492,29 de Julio 2022,2.709,0
20,DQ - 8,dique del cubeto de los tanques,409.311,337.806,101.535,29 de Julio 2022,2.709,0
20,DQ - 9,dique del cubeto de los tanques,453.235,334.864,101.55,29 de Julio 2022,2.709,0
20,DQ - 10,dique del cubeto de los tanques,461.877,334.853,101.524,29 de Julio 2022,2.709,0
20,DQ - 11,dique del cubeto de los tanques,468.087,337.502,101.522,29 de Julio 2022,2.709,0
20,DQ - 12,dique del cubeto de los tanques,477.678,347.096,101.509,29 de Julio 2022,2.709,0
20,DQ - 13,dique del cubeto de los tanques,488.04,357.346,101.374,29 de Julio 2022,2.709,0
20,DQ - 14,dique del cubeto de los tanques,494.259,363.502,101.327,29 de Julio 2022,2.709,0
20,DQ - 15,dique del cubeto de los tanques,501.144,370.606,101.487,29 de Julio 2022,2.709,0
20,DQ - 16,dique del cubeto de los tanques,507.609,376.917,101.535,29 de Julio 2022,2.709,0
20,PC - 1,borde cuneta perimetral,327.844,418.452,99.071,29 de Julio 2022,2.709,0
20,PC - 2,borde cuneta perimetral,329.951,392.012,98.122,29 de Julio 2022,2.709,0
20,PC - 3,borde cuneta perimetral,335.569,384.304,98.066,29 de Julio 2022,2.709,0
20,PC - 4,borde cuneta perimetral,360.327,359.634,98.13,29 de Julio 2022,2.709,0
20,PC - 5,borde cuneta perimetral,371.38,348.588,98.16,29 de Julio 2022,2.709,0
20,PC - 6,borde cuneta perimetral,395.703,324.315,98.27,29 de Julio 2022,2.709,0
20,PC - 7,borde cuneta perimetral,481.871,325.038,98.293,29 de Julio 2022,2.709,0
20,PC - 8,borde cuneta perimetral,490.464,333.603,98.194,29 de Julio 2022,2.709,0
20,PC - 9,borde cuneta perimetral,501.806,344.892,98.076,29 de Julio 2022,2.709,0
20,PC - 10,borde cuneta perimetral,509.503,352.587,98.05,29 de Julio 2022,2.709,0
20,PC - 11,borde cuneta perimetral,518.862,361.909,98.179,29 de Julio 2022,2.709,0
20,PC - 12,borde cuneta perimetral,530.04,373.167,98.27,29 de Julio 2022,2.709,0
20,SP - 1,soportes de concreto para tuberias,495.259,351.334,98.526,29 de Julio 2022,2.709,0
20,SP - 3,soportes de concreto para tuberias,500.878,356.956,98.458,29 de Julio 2022,2.709,0
20,SP - 5,soportes de concreto para tuberias,506.487,362.579,98.549,29 de Julio 2022,2.709,0
20,SP - 7,soportes de concreto para tuberias,401.78,357.404,100.515,29 de Julio 2022,2.709,0
20,SP - 8,soportes de concreto para tuberias,397.571,353.205,100.542,29 de Julio 2022,2.709,0
20,SP - 9,soportes de concreto para tuberias,379.436,378.34,100.248,29 de Julio 2022,2.709,0
20,SP - 10,soportes de concreto para tuberias,375.754,374.63,100.192,29 de Julio 2022,2.709,0
20,INC - 1,Inclinómetro / Asentamiento,500.02,353.944,98.296,29 de Julio 2022,2.709,0
20,INC - 1,Inclinómetro / Asentamiento,500.004,353.787,98.267,29 de Julio 2022,2.709,0
20,INC - 3 & AST - 3,Inclinómetro / Asentamiento,400.442,435.046,100.096,29 de Julio 2022,2.709,0
20,INC - 3 & AST - 3,Inclinómetro / Asentamiento,400.349,435.094,100.108,29 de Julio 2022,2.709,0
20,INC - 4 & AST - 1,Inclinómetro / Asentamiento,479.586,369.72,100.151,29 de Julio 2022,2.709,0
20,INC - 4 & AST - 1,Inclinómetro / Asentamiento,479.538,369.901,100.077,29 de Julio 2022,2.709,0
20,INC - 5 & AST - 2,Inclinómetro / Asentamiento,484.47,364.418,99.939,29 de Julio 2022,2.709,0
20,INC - 5 & AST - 2,Inclinómetro / Asentamiento,484.429,364.548,99.858,29 de Julio 2022,2.709,0
20,INC - 6 & AST - 4,Inclinómetro / Asentamiento,387.338,369.747,100.239,29 de Julio 2022,2.709,0
20,INC - 6 & AST - 4,Inclinómetro / Asentamiento,387.359,369.868,100.016,29 de Julio 2022,2.709,0
25,DQ - 1,dique del cubeto de los tanques,353.649,417.955,101.539,09 DE MARZO 2026,2.733,0
25,DQ - 2,dique del cubeto de los tanques,353.644,408.701,101.518,09 DE MARZO 2026,2.733,0
25,DQ - 3,dique del cubeto de los tanques,353.629,396.63,101.45,09 DE MARZO 2026,2.733,0
25,DQ - 4,dique del cubeto de los tanques,355.938,391.003,101.402,09 DE MARZO 2026,2.733,0
25,DQ - 5,dique del cubeto de los tanques,373.765,373.151,101.421,09 DE MARZO 2026,2.733,0
25,DQ - 6,dique del cubeto de los tanques,385.401,361.579,101.457,09 DE MARZO 2026,2.733,0
25,DQ - 7,dique del cubeto de los tanques,398.798,348.211,101.491,09 DE MARZO 2026,2.733,0
25,DQ - 8,dique del cubeto de los tanques,409.308,337.807,101.537,09 DE MARZO 2026,2.733,0
25,DQ - 9,dique del cubeto de los tanques,453.237,334.864,101.552,09 DE MARZO 2026,2.733,0
25,DQ - 10,dique del cubeto de los tanques,461.881,334.852,101.525,09 DE MARZO 2026,2.733,0
25,DQ - 11,dique del cubeto de los tanques,468.091,337.501,101.522,09 DE MARZO 2026,2.733,0
25,DQ - 12,dique del cubeto de los tanques,477.685,347.092,101.506,09 DE MARZO 2026,2.733,0
25,DQ - 13,dique del cubeto de los tanques,488.064,357.337,101.35,09 DE MARZO 2026,2.733,0
25,DQ - 15,dique del cubeto de los tanques,501.143,370.587,101.488,09 DE MARZO 2026,2.733,0
25,DQ - 16,dique del cubeto de los tanques,507.606,376.92,101.536,09 DE MARZO 2026,2.733,0
25,PC - 1,borde cuneta perimetral,327.842,418.453,99.068,09 DE MARZO 2026,2.733,0
25,PC - 2,borde cuneta perimetral,329.942,392.011,98.119,09 DE MARZO 2026,2.733,0
25,PC - 3,borde cuneta perimetral,335.561,384.3,98.062,09 DE MARZO 2026,2.733,0
25,PC - 4,borde cuneta perimetral,360.32,359.628,98.124,09 DE MARZO 2026,2.733,0
25,PC - 5,borde cuneta perimetral,371.373,348.582,98.156,09 DE MARZO 2026,2.733,0
25,PC - 6,borde cuneta perimetral,395.699,324.312,98.268,09 DE MARZO 2026,2.733,0
25,PC - 7,borde cuneta perimetral,481.882,325.035,98.284,09 DE MARZO 2026,2.733,0
25,PC - 8,borde cuneta perimetral,490.484,333.594,98.167,09 DE MARZO 2026,2.733,0
25,PC - 9,borde cuneta perimetral,501.821,344.874,98.04,09 DE MARZO 2026,2.733,0
25,PC - 10,borde cuneta perimetral,509.519,352.569,98.012,09 DE MARZO 2026,2.733,0
25,PC - 11,borde cuneta perimetral,518.878,361.89,98.146,09 DE MARZO 2026,2.733,0
25,PC - 12,borde cuneta perimetral,530.044,373.16,98.264,09 DE MARZO 2026,2.733,0
25,SP - 1,soportes de concreto para tuberias,495.273,351.327,98.504,09 DE MARZO 2026,2.733,0
25,SP - 3,soportes de concreto para tuberias,500.892,356.949,98.432,09 DE MARZO 2026,2.733,0
25,SP - 5,soportes de concreto para tuberias,506.496,362.579,98.529,09 DE MARZO 2026,2.733,0
25,SP - 7,soportes de concreto para tuberias,397.57,353.202,100.518,09 DE MARZO 2026,2.733,0
25,SP - 8,soportes de concreto para tuberias,401.78,357.399,100.545,09 DE MARZO 2026,2.733,0
25,SP - 9,soportes de concreto para tuberias,379.435,378.336,100.252,09 DE MARZO 2026,2.733,0
25,SP - 10,soportes de concreto para tuberias,375.751,374.626,100.198,09 DE MARZO 2026,2.733,0
25,INC - 1,Inclinómetro / Asentamiento,500.036,353.937,98.278,09 DE MARZO 2026,2.733,0
25,INC - 1,Inclinómetro / Asentamiento,500.023,353.779,98.242,09 DE MARZO 2026,2.733,0
25,INC - 3 & AST - 3,Inclinómetro / Asentamiento,400.442,435.041,100.101,09 DE MARZO 2026,2.733,0
25,INC - 3 & AST - 3,Inclinómetro / Asentamiento,400.351,435.093,100.112,09 DE MARZO 2026,2.733,0
25,INC - 4 & AST - 1,Inclinómetro / Asentamiento,479.594,369.71,100.158,09 DE MARZO 2026,2.733,0
25,INC - 4 & AST - 1,Inclinómetro / Asentamiento,479.547,369.892,100.085,09 DE MARZO 2026,2.733,0
25,INC - 5 & AST - 2,Inclinómetro / Asentamiento,484.479,364.405,99.943,09 DE MARZO 2026,2.733,0
25,INC - 5 & AST - 2,Inclinómetro / Asentamiento,484.439,364.536,99.857,09 DE MARZO 2026,2.733,0
25,INC - 6 & AST - 4,Inclinómetro / Asentamiento,387.337,369.747,100.242,09 DE MARZO 2026,2.733,0
25,INC - 6 & AST - 4,Inclinómetro / Asentamiento,387.357,369.865,100.021,09 DE MARZO 2026,2.733,0
1,DQ - 1,dique del cubeto de los tanques,353.678,417.962,101.529,17 de Abril 2013,9.928,1
1,DQ - 2,dique del cubeto de los tanques,353.678,408.71,101.518,17 de Abril 2013,9.928,1
1,DQ - 3,dique del cubeto de los tanques,353.665,396.655,101.474,17 de Abril 2013,9.928,1
1,DQ - 4,dique del cubeto de los tanques,355.975,391.033,101.436,17 de Abril 2013,9.928,1
1,DQ - 5,dique del cubeto de los tanques,373.784,373.169,101.44,17 de Abril 2013,9.928,1
1,DQ - 6,dique del cubeto de los tanques,385.417,361.595,101.47,17 de Abril 2013,9.928,1
1,DQ - 7,dique del cubeto de los tanques,398.811,348.223,101.503,17 de Abril 2013,9.928,1
1,DQ - 8,dique del cubeto de los tanques,409.32,337.814,101.533,17 de Abril 2013,9.928,1
1,DQ - 9,dique del cubeto de los tanques,453.227,334.878,101.546,17 de Abril 2013,9.928,1
1,DQ - 10,dique del cubeto de los tanques,461.873,334.869,101.526,17 de Abril 2013,9.928,1
1,DQ - 11,dique del cubeto de los tanques,468.079,337.521,101.527,17 de Abril 2013,9.928,1
1,DQ - 12,dique del cubeto de los tanques,477.659,347.121,101.523,17 de Abril 2013,9.928,1
1,DQ - 13,dique del cubeto de los tanques,488.003,357.384,101.416,17 de Abril 2013,9.928,1
1,DQ - 14,dique del cubeto de los tanques,494.205,363.559,101.38,17 de Abril 2013,9.928,1
1,DQ - 15,dique del cubeto de los tanques,501.127,370.635,101.503,17 de Abril 2013,9.928,1
1,DQ - 16,dique del cubeto de los tanques,507.596,376.928,101.543,17 de Abril 2013,9.928,1
1,PC - 1,borde cuneta perimetral,327.863,418.465,99.092,17 de Abril 2013,9.928,1
1,PC - 2,borde cuneta perimetral,330.013,392.046,98.213,17 de Abril 2013,9.928,1
1,PC - 3,borde cuneta perimetral,335.626,384.343,98.159,17 de Abril 2013,9.928,1
1,PC - 4,borde cuneta perimetral,360.358,359.66,98.174,17 de Abril 2013,9.928,1
1,PC - 5,borde cuneta perimetral,371.405,348.614,98.199,17 de Abril 2013,9.928,1
1,PC - 6,borde cuneta perimetral,395.721,324.337,98.293,17 de Abril 2013,9.928,1
1,PC - 7,borde cuneta perimetral,481.851,325.05,98.312,17 de Abril 2013,9.928,1
1,PC - 8,borde cuneta perimetral,490.424,333.634,98.263,17 de Abril 2013,9.928,1
1,PC - 9,borde cuneta perimetral,501.767,344.965,98.21,17 de Abril 2013,9.928,1
1,PC - 10,borde cuneta perimetral,509.462,352.661,98.183,17 de Abril 2013,9.928,1
1,PC - 11,borde cuneta perimetral,518.825,361.978,98.262,17 de Abril 2013,9.928,1
1,PC - 12,borde cuneta perimetral,530.023,373.215,98.307,17 de Abril 2013,9.928,1
1,SP - 1,soportes de concreto para tuberias,495.211,351.372,98.615,17 de Abril 2013,9.928,1
1,SP - 3,soportes de concreto para tuberias,500.828,356.996,98.553,17 de Abril 2013,9.928,1
1,SP - 5,soportes de concreto para tuberias,506.443,362.61,98.623,17 de Abril 2013,9.928,1
1,SP - 7,soportes de concreto para tuberias,397.57,353.214,100.525,17 de Abril 2013,9.928,1
1,SP - 8,soportes de concreto para tuberias,401.777,357.414,100.549,17 de Abril 2013,9.928,1
1,SP - 9,soportes de concreto para tuberias,379.445,378.351,100.262,17 de Abril 2013,9.928,1
1,SP - 10,soportes de concreto para tuberias,375.765,374.642,100.211,17 de Abril 2013,9.928,1
1,INC - 1,Inclinómetro / Asentamiento,499.97,353.987,98.369,17 de Abril 2013,9.928,1
1,INC - 1,Inclinómetro / Asentamiento,499.953,353.832,98.367,17 de Abril 2013,9.928,1
1,INC - 3 & AST - 3,Inclinómetro / Asentamiento,400.436,435.047,100.088,17 de Abril 2013,9.928,1
1,INC - 3 & AST - 3,Inclinómetro / Asentamiento,400.344,435.096,100.096,17 de Abril 2013,9.928,1
1,INC - 4 & AST - 1,Inclinómetro / Asentamiento,479.577,369.73,100.148,17 de Abril 2013,9.928,1
1,INC - 4 & AST - 1,Inclinómetro / Asentamiento,479.529,369.91,100.076,17 de Abril 2013,9.928,1
1,INC - 5 & AST - 2,Inclinómetro / Asentamiento,484.45,364.434,99.942,17 de Abril 2013,9.928,1
1,INC - 5 & AST - 2,Inclinómetro / Asentamiento,484.408,364.562,99.868,17 de Abril 2013,9.928,1
1,INC - 6 & AST - 4,Inclinómetro / Asentamiento,387.342,369.755,100.243,17 de Abril 2013,9.928,1
1,INC - 6 & AST - 4,Inclinómetro / Asentamiento,387.363,369.874,100.025,17 de Abril 2013,9.928,1
2,DQ - 1,dique del cubeto de los tanques,353.679,417.963,101.527,23 de Abril 2013,14.697,1
2,DQ - 2,dique del cubeto de los tanques,353.679,408.71,101.515,23 de Abril 2013,14.697,1
2,DQ - 3,dique del cubeto de los tanques,353.665,396.656,101.473,23 de Abril 2013,14.697,1
2,DQ - 4,dique del cubeto de los tanques,355.975,391.033,101.434,23 de Abril 2013,14.697,1
2,DQ - 5,dique del cubeto de los tanques,373.786,373.169,101.441,23 de Abril 2013,14.697,1
2,DQ - 6,dique del cubeto de los tanques,385.418,361.596,101.47,23 de Abril 2013,14.697,1
2,DQ - 7,dique del cubeto de los tanques,398.812,348.224,101.504,23 de Abril 2013,14.697,1
2,DQ - 8,dique del cubeto de los tanques,409.322,337.816,101.533,23 de Abril 2013,14.697,1
2,DQ - 9,dique del cubeto de los tanques,453.226,334.878,101.546,23 de Abril 2013,14.697,1
2,DQ - 10,dique del cubeto de los tanques,461.872,334.868,101.527,23 de Abril 2013,14.697,1
2,DQ - 11,dique del cubeto de los tanques,468.078,337.52,101.527,23 de Abril 2013,14.697,1
2,DQ - 12,dique del cubeto de los tanques,477.658,347.12,101.523,23 de Abril 2013,14.697,1
2,DQ - 13,dique del cubeto de los tanques,488.002,357.382,101.418,23 de Abril 2013,14.697,1
2,DQ - 14,dique del cubeto de los tanques,494.204,363.558,101.38,23 de Abril 2013,14.697,1
2,DQ - 15,dique del cubeto de los tanques,501.126,370.633,101.504,23 de Abril 2013,14.697,1
2,DQ - 16,dique del cubeto de los tanques,507.596,376.926,101.541,23 de Abril 2013,14.697,1
2,PC - 1,borde cuneta perimetral,327.863,418.465,99.093,23 de Abril 2013,14.697,1
2,PC - 2,borde cuneta perimetral,330.013,392.046,98.213,23 de Abril 2013,14.697,1
2,PC - 3,borde cuneta perimetral,335.626,384.342,98.161,23 de Abril 2013,14.697,1
2,PC - 4,borde cuneta perimetral,360.358,359.66,98.175,23 de Abril 2013,14.697,1
2,PC - 5,borde cuneta perimetral,371.406,348.614,98.2,23 de Abril 2013,14.697,1
2,PC - 6,borde cuneta perimetral,395.723,324.337,98.293,23 de Abril 2013,14.697,1
2,PC - 7,borde cuneta perimetral,481.849,325.048,98.311,23 de Abril 2013,14.697,1
2,PC - 8,borde cuneta perimetral,490.423,333.632,98.262,23 de Abril 2013,14.697,1
2,PC - 9,borde cuneta perimetral,501.766,344.963,98.21,23 de Abril 2013,14.697,1
2,PC - 10,borde cuneta perimetral,509.462,352.658,98.183,23 de Abril 2013,14.697,1
2,PC - 11,borde cuneta perimetral,518.825,361.975,98.261,23 de Abril 2013,14.697,1
2,PC - 12,borde cuneta perimetral,530.023,373.211,98.309,23 de Abril 2013,14.697,1
2,SP - 1,soportes de concreto para tuberias,495.21,351.37,98.615,23 de Abril 2013,14.697,1
2,SP - 3,soportes de concreto para tuberias,500.827,356.994,98.553,23 de Abril 2013,14.697,1
2,SP - 5,soportes de concreto para tuberias,506.443,362.607,98.622,23 de Abril 2013,14.697,1
2,SP - 7,soportes de concreto para tuberias,397.571,353.215,100.525,23 de Abril 2013,14.697,1
2,SP - 8,soportes de concreto para tuberias,401.779,357.415,100.548,23 de Abril 2013,14.697,1
2,SP - 9,soportes de concreto para tuberias,379.447,378.35,100.262,23 de Abril 2013,14.697,1
2,SP - 10,soportes de concreto para tuberias,375.767,374.643,100.21,23 de Abril 2013,14.697,1
2,INC - 1,Inclinómetro / Asentamiento,499.97,353.985,98.37,23 de Abril 2013,14.697,1
2,INC - 1,Inclinómetro / Asentamiento,499.951,353.827,98.368,23 de Abril 2013,14.697,1
2,INC - 3 & AST - 3,Inclinómetro / Asentamiento,400.436,435.045,100.087,23 de Abril 2013,14.697,1
2,INC - 3 & AST - 3,Inclinómetro / Asentamiento,400.344,435.094,100.094,23 de Abril 2013,14.697,1
2,INC - 4 & AST - 1,Inclinómetro / Asentamiento,479.578,369.726,100.151,23 de Abril 2013,14.697,1
2,INC - 4 & AST - 1,Inclinómetro / Asentamiento,479.53,369.907,100.076,23 de Abril 2013,14.697,1
2,INC - 5 & AST - 2,Inclinómetro / Asentamiento,484.448,364.428,99.943,23 de Abril 2013,14.697,1
2,INC - 5 & AST - 2,Inclinómetro / Asentamiento,484.41,364.558,99.868,23 de Abril 2013,14.697,1
2,INC - 6 & AST - 4,Inclinómetro / Asentamiento,387.344,369.756,100.244,23 de Abril 2013,14.697,1
2,INC - 6 & AST - 4,Inclinómetro / Asentamiento,387.365,369.875,100.025,23 de Abril 2013,14.697,1
3,DQ - 1,dique del cubeto de los tanques,353.678,417.962,101.528,01 de Mayo 2013,14.697,1
3,DQ - 2,dique del cubeto de los tanques,353.679,408.71,101.516,01 de Mayo 2013,14.697,1
3,DQ - 3,dique del cubeto de los tanques,353.665,396.655,101.472,01 de Mayo 2013,14.697,1
3,DQ - 4,dique del cubeto de los tanques,355.975,391.033,101.434,01 de Mayo 2013,14.697,1
3,DQ - 5,dique del cubeto de los tanques,373.786,373.169,101.439,01 de Mayo 2013,14.697,1
3,DQ - 6,dique del cubeto de los tanques,385.419,361.595,101.468,01 de Mayo 2013,14.697,1
3,DQ - 7,dique del cubeto de los tanques,398.812,348.223,101.502,01 de Mayo 2013,14.697,1
3,DQ - 8,dique del cubeto de los tanques,409.322,337.815,101.532,01 de Mayo 2013,14.697,1
3,DQ - 9,dique del cubeto de los tanques,453.226,334.876,101.544,01 de Mayo 2013,14.697,1
3,DQ - 10,dique del cubeto de los tanques,461.872,334.866,101.524,01 de Mayo 2013,14.697,1
3,DQ - 11,dique del cubeto de los tanques,468.078,337.518,101.525,01 de Mayo 2013,14.697,1
3,DQ - 12,dique del cubeto de los tanques,477.658,347.117,101.52,01 de Mayo 2013,14.697,1
3,DQ - 13,dique del cubeto de los tanques,488.004,357.38,101.415,01 de Mayo 2013,14.697,1
3,DQ - 14,dique del cubeto de los tanques,494.206,363.554,101.379,01 de Mayo 2013,14.697,1
3,DQ - 15,dique del cubeto de los tanques,501.128,370.63,101.501,01 de Mayo 2013,14.697,1
3,DQ - 16,dique del cubeto de los tanques,507.598,376.923,101.54,01 de Mayo 2013,14.697,1
3,PC - 1,borde cuneta perimetral,327.864,418.465,99.092,01 de Mayo 2013,14.697,1
3,PC - 2,borde cuneta perimetral,330.012,392.046,98.211,01 de Mayo 2013,14.697,1
3,PC - 3,borde cuneta perimetral,335.626,384.342,98.157,01 de Mayo 2013,14.697,1
3,PC - 4,borde cuneta perimetral,360.357,359.66,98.172,01 de Mayo 2013,14.697,1
3,PC - 5,borde cuneta perimetral,371.406,348.614,98.197,01 de Mayo 2013,14.697,1
3,PC - 6,borde cuneta perimetral,395.721,324.336,98.292,01 de Mayo 2013,14.697,1
3,PC - 7,borde cuneta perimetral,481.853,325.044,98.31,01 de Mayo 2013,14.697,1
3,PC - 8,borde cuneta perimetral,490.426,333.629,98.261,01 de Mayo 2013,14.697,1
3,PC - 9,borde cuneta perimetral,501.77,344.961,98.209,01 de Mayo 2013,14.697,1
3,PC - 10,borde cuneta perimetral,509.464,352.655,98.181,01 de Mayo 2013,14.697,1
3,PC - 11,borde cuneta perimetral,518.829,361.975,98.26,01 de Mayo 2013,14.697,1
3,PC - 12,borde cuneta perimetral,530.026,373.211,98.308,01 de Mayo 2013,14.697,1
3,SP - 1,soportes de concreto para tuberias,495.211,351.368,98.613,01 de Mayo 2013,14.697,1
3,SP - 3,soportes de concreto para tuberias,500.828,356.991,98.551,01 de Mayo 2013,14.697,1
3,SP - 5,soportes de concreto para tuberias,506.444,362.605,98.62,01 de Mayo 2013,14.697,1
3,SP - 7,soportes de concreto para tuberias,397.572,353.214,100.525,01 de Mayo 2013,14.697,1
3,SP - 8,soportes de concreto para tuberias,401.779,357.414,100.548,01 de Mayo 2013,14.697,1
3,SP - 9,soportes de concreto para tuberias,379.448,378.35,100.263,01 de Mayo 2013,14.697,1
3,SP - 10,soportes de concreto para tuberias,375.769,374.641,100.211,01 de Mayo 2013,14.697,1
3,INC - 1,Inclinómetro / Asentamiento,499.986,353.987,98.367,01 de Mayo 2013,14.697,1
3,INC - 1,Inclinómetro / Asentamiento,499.969,353.829,98.364,01 de Mayo 2013,14.697,1
3,INC - 3 & AST - 3,Inclinómetro / Asentamiento,400.437,435.045,100.085,01 de Mayo 2013,14.697,1
3,INC - 3 & AST - 3,Inclinómetro / Asentamiento,400.346,435.094,100.093,01 de Mayo 2013,14.697,1
3,INC - 4 & AST - 1,Inclinómetro / Asentamiento,479.578,369.725,100.148,01 de Mayo 2013,14.697,1
3,INC - 4 & AST - 1,Inclinómetro / Asentamiento,479.531,369.906,100.074,01 de Mayo 2013,14.697,1
3,INC - 5 & AST - 2,Inclinómetro / Asentamiento,484.45,364.429,99.942,01 de Mayo 2013,14.697,1
3,INC - 5 & AST - 2,Inclinómetro / Asentamiento,484.409,364.56,99.867,01 de Mayo 2013,14.697,1
3,INC - 6 & AST - 4,Inclinómetro / Asentamiento,387.344,369.755,100.243,01 de Mayo 2013,14.697,1
3,INC - 6 & AST - 4,Inclinómetro / Asentamiento,387.365,369.874,100.025,01 de Mayo 2013,14.697,1
4,DQ - 1,dique del cubeto de los tanques,353.679,417.962,101.528,05 de Mayo 2013,16.608,1
4,DQ - 2,dique del cubeto de los tanques,353.679,408.71,101.517,05 de Mayo 2013,16.608,1
4,DQ - 3,dique del cubeto de los tanques,353.666,396.655,101.473,05 de Mayo 2013,16.608,1
4,DQ - 4,dique del cubeto de los tanques,355.976,391.034,101.435,05 de Mayo 2013,16.608,1
4,DQ - 5,dique del cubeto de los tanques,373.787,373.17,101.439,05 de Mayo 2013,16.608,1
4,DQ - 6,dique del cubeto de los tanques,385.419,361.596,101.468,05 de Mayo 2013,16.608,1
4,DQ - 7,dique del cubeto de los tanques,398.812,348.224,101.502,05 de Mayo 2013,16.608,1
4,DQ - 8,dique del cubeto de los tanques,409.321,337.815,101.532,05 de Mayo 2013,16.608,1
4,DQ - 9,dique del cubeto de los tanques,453.226,334.878,101.544,05 de Mayo 2013,16.608,1
4,DQ - 10,dique del cubeto de los tanques,461.872,334.868,101.525,05 de Mayo 2013,16.608,1
4,DQ - 11,dique del cubeto de los tanques,468.078,337.52,101.525,05 de Mayo 2013,16.608,1
4,DQ - 12,dique del cubeto de los tanques,477.657,347.12,101.521,05 de Mayo 2013,16.608,1
4,DQ - 13,dique del cubeto de los tanques,488.003,357.382,101.415,05 de Mayo 2013,16.608,1
4,DQ - 14,dique del cubeto de los tanques,494.205,363.557,101.378,05 de Mayo 2013,16.608,1
4,DQ - 15,dique del cubeto de los tanques,501.126,370.632,101.502,05 de Mayo 2013,16.608,1
4,DQ - 16,dique del cubeto de los tanques,507.596,376.925,101.54,05 de Mayo 2013,16.608,1
4,PC - 1,borde cuneta perimetral,327.865,418.465,99.09,05 de Mayo 2013,16.608,1
4,PC - 2,borde cuneta perimetral,330.013,392.046,98.211,05 de Mayo 2013,16.608,1
4,PC - 3,borde cuneta perimetral,335.627,384.343,98.157,05 de Mayo 2013,16.608,1
4,PC - 4,borde cuneta perimetral,360.359,359.66,98.171,05 de Mayo 2013,16.608,1
4,PC - 5,borde cuneta perimetral,371.407,348.614,98.197,05 de Mayo 2013,16.608,1
4,PC - 6,borde cuneta perimetral,395.722,324.337,98.291,05 de Mayo 2013,16.608,1
4,PC - 7,borde cuneta perimetral,481.848,325.048,98.311,05 de Mayo 2013,16.608,1
4,PC - 8,borde cuneta perimetral,490.422,333.631,98.261,05 de Mayo 2013,16.608,1
4,PC - 9,borde cuneta perimetral,501.766,344.963,98.208,05 de Mayo 2013,16.608,1
4,PC - 10,borde cuneta perimetral,509.461,352.657,98.182,05 de Mayo 2013,16.608,1
4,PC - 11,borde cuneta perimetral,518.825,361.974,98.26,05 de Mayo 2013,16.608,1
4,PC - 12,borde cuneta perimetral,530.022,373.211,98.306,05 de Mayo 2013,16.608,1
4,SP - 1,soportes de concreto para tuberias,495.21,351.37,98.613,05 de Mayo 2013,16.608,1
4,SP - 3,soportes de concreto para tuberias,500.827,356.993,98.55,05 de Mayo 2013,16.608,1
4,SP - 5,soportes de concreto para tuberias,506.443,362.607,98.622,05 de Mayo 2013,16.608,1
4,SP - 7,soportes de concreto para tuberias,397.573,353.215,100.526,05 de Mayo 2013,16.608,1
4,SP - 8,soportes de concreto para tuberias,401.78,357.415,100.55,05 de Mayo 2013,16.608,1
4,SP - 9,soportes de concreto para tuberias,379.446,378.352,100.264,05 de Mayo 2013,16.608,1
4,SP - 10,soportes de concreto para tuberias,375.768,374.643,100.214,05 de Mayo 2013,16.608,1
4,INC - 1,Inclinómetro / Asentamiento,499.968,353.985,98.367,05 de Mayo 2013,16.608,1
4,INC - 1,Inclinómetro / Asentamiento,499.952,353.828,98.365,05 de Mayo 2013,16.608,1
4,INC - 3 & AST - 3,Inclinómetro / Asentamiento,400.437,435.045,100.086,05 de Mayo 2013,16.608,1
4,INC - 3 & AST - 3,Inclinómetro / Asentamiento,400.345,435.094,100.095,05 de Mayo 2013,16.608,1
4,INC - 4 & AST - 1,Inclinómetro / Asentamiento,479.577,369.727,100.152,05 de Mayo 2013,16.608,1
4,INC - 4 & AST - 1,Inclinómetro / Asentamiento,479.529,369.908,100.077,05 de Mayo 2013,16.608,1
4,INC - 5 & AST - 2,Inclinómetro / Asentamiento,484.448,364.432,99.944,05 de Mayo 2013,16.608,1
4,INC - 5 & AST - 2,Inclinómetro / Asentamiento,484.408,364.562,99.87,05 de Mayo 2013,16.608,1
4,INC - 6 & AST - 4,Inclinómetro / Asentamiento,387.345,369.756,100.245,05 de Mayo 2013,16.608,1
4,INC - 6 & AST - 4,Inclinómetro / Asentamiento,387.366,369.875,100.026,05 de Mayo 2013,16.608,1
5,DQ - 1,dique del cubeto de los tanques,353.678,417.963,101.528,07 de Mayo 2013,19.593,1
5,DQ - 2,dique del cubeto de los tanques,353.679,408.711,101.517,07 de Mayo 2013,19.593,1
5,DQ - 3,dique del cubeto de los tanques,353.666,396.655,101.473,07 de Mayo 2013,19.593,1
5,DQ - 4,dique del cubeto de los tanques,355.976,391.034,101.434,07 de Mayo 2013,19.593,1
5,DQ - 5,dique del cubeto de los tanques,373.787,373.17,101.439,07 de Mayo 2013,19.593,1
5,DQ - 6,dique del cubeto de los tanques,385.419,361.596,101.468,07 de Mayo 2013,19.593,1
5,DQ - 7,dique del cubeto de los tanques,398.813,348.224,101.5,07 de Mayo 2013,19.593,1
5,DQ - 8,dique del cubeto de los tanques,409.321,337.815,101.53,07 de Mayo 2013,19.593,1
5,DQ - 9,dique del cubeto de los tanques,453.227,334.88,101.542,07 de Mayo 2013,19.593,1
5,DQ - 10,dique del cubeto de los tanques,461.873,334.869,101.522,07 de Mayo 2013,19.593,1
5,DQ - 11,dique del cubeto de los tanques,468.079,337.522,101.523,07 de Mayo 2013,19.593,1
5,DQ - 12,dique del cubeto de los tanques,477.658,347.121,101.519,07 de Mayo 2013,19.593,1
5,DQ - 13,dique del cubeto de los tanques,488.003,357.384,101.412,07 de Mayo 2013,19.593,1
5,DQ - 14,dique del cubeto de los tanques,494.206,363.559,101.377,07 de Mayo 2013,19.593,1
5,DQ - 15,dique del cubeto de los tanques,501.128,370.634,101.5,07 de Mayo 2013,19.593,1
5,DQ - 16,dique del cubeto de los tanques,507.597,376.927,101.539,07 de Mayo 2013,19.593,1
5,PC - 1,borde cuneta perimetral,327.864,418.465,99.09,07 de Mayo 2013,19.593,1
5,PC - 2,borde cuneta perimetral,330.013,392.046,98.21,07 de Mayo 2013,19.593,1
5,PC - 3,borde cuneta perimetral,335.626,384.343,98.156,07 de Mayo 2013,19.593,1
5,PC - 4,borde cuneta perimetral,360.358,359.66,98.17,07 de Mayo 2013,19.593,1
5,PC - 5,borde cuneta perimetral,371.406,348.614,98.196,07 de Mayo 2013,19.593,1
5,PC - 6,borde cuneta perimetral,395.722,324.337,98.292,07 de Mayo 2013,19.593,1
5,PC - 7,borde cuneta perimetral,481.85,325.05,98.309,07 de Mayo 2013,19.593,1
5,PC - 8,borde cuneta perimetral,490.423,333.633,98.26,07 de Mayo 2013,19.593,1
5,PC - 9,borde cuneta perimetral,501.767,344.964,98.208,07 de Mayo 2013,19.593,1
5,PC - 10,borde cuneta perimetral,509.463,352.659,98.181,07 de Mayo 2013,19.593,1
5,PC - 11,borde cuneta perimetral,518.826,361.977,98.26,07 de Mayo 2013,19.593,1
5,PC - 12,borde cuneta perimetral,530.024,373.212,98.308,07 de Mayo 2013,19.593,1
5,SP - 1,soportes de concreto para tuberias,495.211,351.372,98.611,07 de Mayo 2013,19.593,1
5,SP - 3,soportes de concreto para tuberias,500.828,356.995,98.549,07 de Mayo 2013,19.593,1
5,SP - 5,soportes de concreto para tuberias,506.444,362.609,98.619,07 de Mayo 2013,19.593,1
5,SP - 7,soportes de concreto para tuberias,397.573,353.216,100.523,07 de Mayo 2013,19.593,1
5,SP - 8,soportes de concreto para tuberias,401.78,357.416,100.546,07 de Mayo 2013,19.593,1
5,SP - 9,soportes de concreto para tuberias,379.448,378.351,100.262,07 de Mayo 2013,19.593,1
5,SP - 10,soportes de concreto para tuberias,375.769,374.642,100.21,07 de Mayo 2013,19.593,1
5,INC - 1,Inclinómetro / Asentamiento,499.969,353.987,98.366,07 de Mayo 2013,19.593,1
5,INC - 1,Inclinómetro / Asentamiento,499.953,353.83,98.363,07 de Mayo 2013,19.593,1
5,INC - 3 & AST - 3,Inclinómetro / Asentamiento,400.437,435.045,100.083,07 de Mayo 2013,19.593,1
5,INC - 3 & AST - 3,Inclinómetro / Asentamiento,400.346,435.095,100.091,07 de Mayo 2013,19.593,1
5,INC - 4 & AST - 1,Inclinómetro / Asentamiento,479.577,369.728,100.147,07 de Mayo 2013,19.593,1
5,INC - 4 & AST - 1,Inclinómetro / Asentamiento,479.529,369.909,100.071,07 de Mayo 2013,19.593,1
5,INC - 5 & AST - 2,Inclinómetro / Asentamiento,484.448,364.433,99.939,07 de Mayo 2013,19.593,1
5,INC - 5 & AST - 2,Inclinómetro / Asentamiento,484.408,364.564,99.865,07 de Mayo 2013,19.593,1
5,INC - 6 & AST - 4,Inclinómetro / Asentamiento,387.345,369.756,100.242,07 de Mayo 2013,19.593,1
5,INC - 6 & AST - 4,Inclinómetro / Asentamiento,387.366,369.875,100.023,07 de Mayo 2013,19.593,1
6,DQ - 1,dique del cubeto de los tanques,353.678,417.963,101.527,26 de Junio 2013,19.593,1
6,DQ - 2,dique del cubeto de los tanques,353.678,408.711,101.516,26 de Junio 2013,19.593,1
6,DQ - 3,dique del cubeto de los tanques,353.665,396.655,101.471,26 de Junio 2013,19.593,1
6,DQ - 4,dique del cubeto de los tanques,355.975,391.032,101.432,26 de Junio 2013,19.593,1
6,DQ - 5,dique del cubeto de los tanques,373.786,373.171,101.437,26 de Junio 2013,19.593,1
6,DQ - 6,dique del cubeto de los tanques,385.419,361.597,101.466,26 de Junio 2013,19.593,1
6,DQ - 7,dique del cubeto de los tanques,398.813,348.225,101.5,26 de Junio 2013,19.593,1
6,DQ - 8,dique del cubeto de los tanques,409.32,337.815,101.531,26 de Junio 2013,19.593,1
6,DQ - 9,dique del cubeto de los tanques,453.227,334.88,101.543,26 de Junio 2013,19.593,1
6,DQ - 10,dique del cubeto de los tanques,461.872,334.87,101.523,26 de Junio 2013,19.593,1
6,DQ - 11,dique del cubeto de los tanques,468.079,337.522,101.524,26 de Junio 2013,19.593,1
6,DQ - 12,dique del cubeto de los tanques,477.658,347.121,101.519,26 de Junio 2013,19.593,1
6,DQ - 13,dique del cubeto de los tanques,488.003,357.384,101.413,26 de Junio 2013,19.593,1
6,DQ - 14,dique del cubeto de los tanques,494.205,363.559,101.377,26 de Junio 2013,19.593,1
6,DQ - 15,dique del cubeto de los tanques,501.127,370.635,101.5,26 de Junio 2013,19.593,1
6,DQ - 16,dique del cubeto de los tanques,507.596,376.928,101.539,26 de Junio 2013,19.593,1
6,PC - 1,borde cuneta perimetral,327.866,418.467,99.094,26 de Junio 2013,19.593,1
6,PC - 2,borde cuneta perimetral,330.013,392.047,98.209,26 de Junio 2013,19.593,1
6,PC - 3,borde cuneta perimetral,335.625,384.344,98.156,26 de Junio 2013,19.593,1
6,PC - 4,borde cuneta perimetral,360.356,359.66,98.17,26 de Junio 2013,19.593,1
6,PC - 5,borde cuneta perimetral,371.404,348.613,98.196,26 de Junio 2013,19.593,1
6,PC - 6,borde cuneta perimetral,395.719,324.336,98.294,26 de Junio 2013,19.593,1
6,PC - 7,borde cuneta perimetral,481.85,325.051,98.31,26 de Junio 2013,19.593,1
6,PC - 8,borde cuneta perimetral,490.423,333.634,98.261,26 de Junio 2013,19.593,1
6,PC - 9,borde cuneta perimetral,501.766,344.965,98.208,26 de Junio 2013,19.593,1
6,PC - 10,borde cuneta perimetral,509.463,352.66,98.181,26 de Junio 2013,19.593,1
6,PC - 11,borde cuneta perimetral,518.826,361.977,98.26,26 de Junio 2013,19.593,1
6,PC - 12,borde cuneta perimetral,530.022,373.214,98.307,26 de Junio 2013,19.593,1
6,SP - 1,soportes de concreto para tuberias,495.211,351.373,98.611,26 de Junio 2013,19.593,1
6,SP - 3,soportes de concreto para tuberias,500.827,356.996,98.549,26 de Junio 2013,19.593,1
6,SP - 5,soportes de concreto para tuberias,506.443,362.61,98.619,26 de Junio 2013,19.593,1
6,SP - 7,soportes de concreto para tuberias,397.572,353.215,100.523,26 de Junio 2013,19.593,1
6,SP - 8,soportes de concreto para tuberias,401.779,357.415,100.548,26 de Junio 2013,19.593,1
6,SP - 9,soportes de concreto para tuberias,379.446,378.352,100.262,26 de Junio 2013,19.593,1
6,SP - 10,soportes de concreto para tuberias,375.767,374.643,100.201,26 de Junio 2013,19.593,1
6,INC - 1,Inclinómetro / Asentamiento,499.969,353.986,98.367,26 de Junio 2013,19.593,1
6,INC - 1,Inclinómetro / Asentamiento,499.952,353.83,98.364,26 de Junio 2013,19.593,1
6,INC - 3 & AST - 3,Inclinómetro / Asentamiento,400.438,435.045,100.085,26 de Junio 2013,19.593,1
6,INC - 3 & AST - 3,Inclinómetro / Asentamiento,400.346,435.094,100.091,26 de Junio 2013,19.593,1
6,INC - 4 & AST - 1,Inclinómetro / Asentamiento,479.577,369.729,100.148,26 de Junio 2013,19.593,1
6,INC - 4 & AST - 1,Inclinómetro / Asentamiento,479.528,369.912,100.072,26 de Junio 2013,19.593,1
6,INC - 5 & AST - 2,Inclinómetro / Asentamiento,484.449,364.432,99.94,26 de Junio 2013,19.593,1
6,INC - 5 & AST - 2,Inclinómetro / Asentamiento,484.409,364.563,99.867,26 de Junio 2013,19.593,1
6,INC - 6 & AST - 4,Inclinómetro / Asentamiento,387.344,369.756,100.243,26 de Junio 2013,19.593,1
6,INC - 6 & AST - 4,Inclinómetro / Asentamiento,387.366,369.875,100.024,26 de Junio 2013,19.593,1
7,DQ - 1,dique del cubeto de los tanques,353.676,417.962,101.526,9 de Agosto 2013,19.593,1
7,DQ - 2,dique del cubeto de los tanques,353.677,408.71,101.515,9 de Agosto 2013,19.593,1
7,DQ - 3,dique del cubeto de los tanques,353.663,396.653,101.469,9 de Agosto 2013,19.593,1
7,DQ - 4,dique del cubeto de los tanques,355.973,391.031,101.43,9 de Agosto 2013,19.593,1
7,DQ - 5,dique del cubeto de los tanques,373.785,373.168,101.436,9 de Agosto 2013,19.593,1
7,DQ - 6,dique del cubeto de los tanques,385.418,361.595,101.466,9 de Agosto 2013,19.593,1
7,DQ - 7,dique del cubeto de los tanques,398.812,348.224,101.498,9 de Agosto 2013,19.593,1
7,DQ - 8,dique del cubeto de los tanques,409.321,337.815,101.528,9 de Agosto 2013,19.593,1
7,DQ - 9,dique del cubeto de los tanques,453.226,334.876,101.539,9 de Agosto 2013,19.593,1
7,DQ - 10,dique del cubeto de los tanques,461.87,334.867,101.52,9 de Agosto 2013,19.593,1
7,DQ - 11,dique del cubeto de los tanques,468.077,337.519,101.521,9 de Agosto 2013,19.593,1
7,DQ - 12,dique del cubeto de los tanques,477.658,347.118,101.516,9 de Agosto 2013,19.593,1
7,DQ - 13,dique del cubeto de los tanques,488.002,357.381,101.41,9 de Agosto 2013,19.593,1
7,DQ - 14,dique del cubeto de los tanques,494.204,363.556,101.375,9 de Agosto 2013,19.593,1
7,DQ - 15,dique del cubeto de los tanques,501.126,370.631,101.498,9 de Agosto 2013,19.593,1
7,DQ - 16,dique del cubeto de los tanques,507.595,376.925,101.537,9 de Agosto 2013,19.593,1
7,PC - 1,borde cuneta perimetral,327.863,418.465,99.091,9 de Agosto 2013,19.593,1
7,PC - 2,borde cuneta perimetral,330.011,392.044,98.206,9 de Agosto 2013,19.593,1
7,PC - 3,borde cuneta perimetral,335.624,384.341,98.151,9 de Agosto 2013,19.593,1
7,PC - 4,borde cuneta perimetral,360.355,359.658,98.166,9 de Agosto 2013,19.593,1
7,PC - 5,borde cuneta perimetral,371.404,348.612,98.191,9 de Agosto 2013,19.593,1
7,PC - 6,borde cuneta perimetral,395.721,324.336,98.288,9 de Agosto 2013,19.593,1
7,PC - 7,borde cuneta perimetral,481.849,325.048,98.308,9 de Agosto 2013,19.593,1
7,PC - 8,borde cuneta perimetral,490.423,333.63,98.257,9 de Agosto 2013,19.593,1
7,PC - 9,borde cuneta perimetral,501.766,344.961,98.206,9 de Agosto 2013,19.593,1
7,PC - 10,borde cuneta perimetral,509.463,352.656,98.176,9 de Agosto 2013,19.593,1
7,PC - 11,borde cuneta perimetral,518.826,361.972,98.259,9 de Agosto 2013,19.593,1
7,PC - 12,borde cuneta perimetral,530.022,373.21,98.301,9 de Agosto 2013,19.593,1
7,SP - 1,soportes de concreto para tuberias,495.21,351.37,98.609,9 de Agosto 2013,19.593,1
7,SP - 3,soportes de concreto para tuberias,500.827,356.993,98.548,9 de Agosto 2013,19.593,1
7,SP - 5,soportes de concreto para tuberias,506.442,362.608,98.618,9 de Agosto 2013,19.593,1
7,SP - 7,soportes de concreto para tuberias,397.573,353.216,100.523,9 de Agosto 2013,19.593,1
7,SP - 8,soportes de concreto para tuberias,401.781,357.416,100.547,9 de Agosto 2013,19.593,1
7,SP - 9,soportes de concreto para tuberias,379.446,378.35,100.262,9 de Agosto 2013,19.593,1
7,SP - 10,soportes de concreto para tuberias,375.768,374.641,100.211,9 de Agosto 2013,19.593,1
7,INC - 1,Inclinómetro / Asentamiento,499.969,353.983,98.364,9 de Agosto 2013,19.593,1
7,INC - 1,Inclinómetro / Asentamiento,499.952,353.827,98.361,9 de Agosto 2013,19.593,1
7,INC - 3 & AST - 3,Inclinómetro / Asentamiento,400.438,435.043,100.083,9 de Agosto 2013,19.593,1
7,INC - 3 & AST - 3,Inclinómetro / Asentamiento,400.346,435.092,100.092,9 de Agosto 2013,19.593,1
7,INC - 4 & AST - 1,Inclinómetro / Asentamiento,479.575,369.726,100.145,9 de Agosto 2013,19.593,1
7,INC - 4 & AST - 1,Inclinómetro / Asentamiento,479.527,369.908,100.073,9 de Agosto 2013,19.593,1
7,INC - 5 & AST - 2,Inclinómetro / Asentamiento,484.448,364.431,99.94,9 de Agosto 2013,19.593,1
7,INC - 5 & AST - 2,Inclinómetro / Asentamiento,484.408,364.562,99.866,9 de Agosto 2013,19.593,1
7,INC - 6 & AST - 4,Inclinómetro / Asentamiento,387.345,369.756,100.242,9 de Agosto 2013,19.593,1
7,INC - 6 & AST - 4,Inclinómetro / Asentamiento,387.366,369.875,100.023,9 de Agosto 2013,19.593,1
11,DQ - 1,dique del cubeto de los tanques,353.667,417.961,101.525,17 de Diciembre 2014,10.016,1
11,DQ - 2,dique del cubeto de los tanques,353.662,408.708,101.511,17 de Diciembre 2014,10.016,1
11,DQ - 3,dique del cubeto de los tanques,353.64,396.643,101.459,17 de Diciembre 2014,10.016,1
11,DQ - 4,dique del cubeto de los tanques,355.95,391.018,101.418,17 de Diciembre 2014,10.016,1
11,DQ - 5,dique del cubeto de los tanques,373.765,373.152,101.428,17 de Diciembre 2014,10.016,1
11,DQ - 6,dique del cubeto de los tanques,385.399,361.579,101.459,17 de Diciembre 2014,10.016,1
11,DQ - 7,dique del cubeto de los tanques,398.797,348.21,101.492,17 de Diciembre 2014,10.016,1
11,DQ - 8,dique del cubeto de los tanques,409.309,337.807,101.527,17 de Diciembre 2014,10.016,1
11,DQ - 9,dique del cubeto de los tanques,453.225,334.861,101.538,17 de Diciembre 2014,10.016,1
11,DQ - 10,dique del cubeto de los tanques,461.87,334.857,101.519,17 de Diciembre 2014,10.016,1
11,DQ - 11,dique del cubeto de los tanques,468.079,337.51,101.52,17 de Diciembre 2014,10.016,1
11,DQ - 12,dique del cubeto de los tanques,477.666,347.103,101.511,17 de Diciembre 2014,10.016,1
11,DQ - 13,dique del cubeto de los tanques,488.011,357.367,101.404,17 de Diciembre 2014,10.016,1
11,DQ - 14,dique del cubeto de los tanques,494.214,363.54,101.365,17 de Diciembre 2014,10.016,1
11,DQ - 15,dique del cubeto de los tanques,501.132,370.619,101.494,17 de Diciembre 2014,10.016,1
11,DQ - 16,dique del cubeto de los tanques,507.598,376.918,101.534,17 de Diciembre 2014,10.016,1
11,PC - 1,borde cuneta perimetral,327.863,418.462,99.085,17 de Diciembre 2014,10.016,1
11,PC - 2,borde cuneta perimetral,329.991,392.031,99.085,17 de Diciembre 2014,10.016,1
11,PC - 3,borde cuneta perimetral,335.604,384.332,99.085,17 de Diciembre 2014,10.016,1
11,PC - 4,borde cuneta perimetral,360.34,359.65,99.085,17 de Diciembre 2014,10.016,1
11,PC - 5,borde cuneta perimetral,371.388,348.601,99.085,17 de Diciembre 2014,10.016,1
11,PC - 6,borde cuneta perimetral,395.708,324.328,99.085,17 de Diciembre 2014,10.016,1
11,PC - 7,borde cuneta perimetral,481.85,325.042,98.298,17 de Diciembre 2014,10.016,1
11,PC - 8,borde cuneta perimetral,490.426,333.623,98.24,17 de Diciembre 2014,10.016,1
11,PC - 9,borde cuneta perimetral,501.769,344.947,98.184,17 de Diciembre 2014,10.016,1
11,PC - 10,borde cuneta perimetral,509.463,352.645,98.152,17 de Diciembre 2014,10.016,1
11,PC - 11,borde cuneta perimetral,518.827,361.961,98.244,17 de Diciembre 2014,10.016,1
11,PC - 12,borde cuneta perimetral,530.025,373.197,98.283,17 de Diciembre 2014,10.016,1
11,SP - 1,soportes de concreto para tuberias,495.214,351.362,98.6,17 de Diciembre 2014,10.016,1
11,SP - 3,soportes de concreto para tuberias,500.831,356.985,98.538,17 de Diciembre 2014,10.016,1
11,SP - 5,soportes de concreto para tuberias,506.446,362.599,98.612,17 de Diciembre 2014,10.016,1
11,SP - 7,soportes de concreto para tuberias,397.566,353.209,100.523,17 de Diciembre 2014,10.016,1
11,SP - 8,soportes de concreto para tuberias,401.773,357.409,100.547,17 de Diciembre 2014,10.016,1
11,SP - 9,soportes de concreto para tuberias,379.436,378.344,100.26,17 de Diciembre 2014,10.016,1
11,SP - 10,soportes de concreto para tuberias,375.757,374.636,100.206,17 de Diciembre 2014,10.016,1
11,INC - 1,Inclinómetro / Asentamiento,499.97,353.976,98.355,17 de Diciembre 2014,10.016,1
11,INC - 1,Inclinómetro / Asentamiento,499.955,353.82,98.349,17 de Diciembre 2014,10.016,1
11,INC - 3 & AST - 3,Inclinómetro / Asentamiento,400.435,435.043,100.089,17 de Diciembre 2014,10.016,1
11,INC - 3 & AST - 3,Inclinómetro / Asentamiento,400.344,435.093,100.097,17 de Diciembre 2014,10.016,1
11,INC - 4 & AST - 1,Inclinómetro / Asentamiento,479.577,369.721,100.151,17 de Diciembre 2014,10.016,1
11,INC - 4 & AST - 1,Inclinómetro / Asentamiento,479.529,369.902,100.077,17 de Diciembre 2014,10.016,1
11,INC - 5 & AST - 2,Inclinómetro / Asentamiento,484.448,364.422,99.941,17 de Diciembre 2014,10.016,1
11,INC - 5 & AST - 2,Inclinómetro / Asentamiento,484.409,364.555,99.867,17 de Diciembre 2014,10.016,1
11,INC - 6 & AST - 4,Inclinómetro / Asentamiento,387.336,369.751,100.243,17 de Diciembre 2014,10.016,1
11,INC - 6 & AST - 4,Inclinómetro / Asentamiento,387.357,369.87,100.023,17 de Diciembre 2014,10.016,1
13,DQ - 1,dique del cubeto de los tanques,353.668,417.959,101.527,18 Noviembre 2015,19.588,1
13,DQ - 2,dique del cubeto de los tanques,353.664,408.707,101.513,18 Noviembre 2015,19.588,1
13,DQ - 3,dique del cubeto de los tanques,353.638,396.64,101.456,18 Noviembre 2015,19.588,1
13,DQ - 4,dique del cubeto de los tanques,355.947,391.014,101.416,18 Noviembre 2015,19.588,1
13,DQ - 5,dique del cubeto de los tanques,373.767,373.152,101.427,18 Noviembre 2015,19.588,1
13,DQ - 6,dique del cubeto de los tanques,385.403,361.581,101.46,18 Noviembre 2015,19.588,1
13,DQ - 7,dique del cubeto de los tanques,398.799,348.21,101.495,18 Noviembre 2015,19.588,1
13,DQ - 8,dique del cubeto de los tanques,409.309,337.804,101.53,18 Noviembre 2015,19.588,1
13,DQ - 9,dique del cubeto de los tanques,453.226,334.86,101.54,18 Noviembre 2015,19.588,1
13,DQ - 10,dique del cubeto de los tanques,461.87,334.854,101.521,18 Noviembre 2015,19.588,1
13,DQ - 11,dique del cubeto de los tanques,468.079,337.506,101.521,18 Noviembre 2015,19.588,1
13,DQ - 12,dique del cubeto de los tanques,477.666,347.102,101.514,18 Noviembre 2015,19.588,1
13,DQ - 13,dique del cubeto de los tanques,488.014,357.363,101.402,18 Noviembre 2015,19.588,1
13,DQ - 14,dique del cubeto de los tanques,494.216,363.537,101.364,18 Noviembre 2015,19.588,1
13,DQ - 15,dique del cubeto de los tanques,501.131,370.618,101.497,18 Noviembre 2015,19.588,1
13,DQ - 16,dique del cubeto de los tanques,507.598,376.916,101.538,18 Noviembre 2015,19.588,1
13,PC - 1,borde cuneta perimetral,327.857,418.46,99.081,18 Noviembre 2015,19.588,1
13,PC - 2,borde cuneta perimetral,329.975,392.023,98.14,18 Noviembre 2015,19.588,1
13,PC - 3,borde cuneta perimetral,335.588,384.324,98.094,18 Noviembre 2015,19.588,1
13,PC - 4,borde cuneta perimetral,360.335,359.644,98.144,18 Noviembre 2015,19.588,1
13,PC - 5,borde cuneta perimetral,371.384,348.594,98.169,18 Noviembre 2015,19.588,1
13,PC - 6,borde cuneta perimetral,395.7,324.316,98.263,18 Noviembre 2015,19.588,1
13,PC - 7,borde cuneta perimetral,481.856,325.033,98.286,18 Noviembre 2015,19.588,1
13,PC - 8,borde cuneta perimetral,490.434,333.613,98.225,18 Noviembre 2015,19.588,1
13,PC - 9,borde cuneta perimetral,501.775,344.933,98.167,18 Noviembre 2015,19.588,1
13,PC - 10,borde cuneta perimetral,509.467,352.633,98.134,18 Noviembre 2015,19.588,1
13,PC - 11,borde cuneta perimetral,518.832,361.948,98.233,18 Noviembre 2015,19.588,1
13,PC - 12,borde cuneta perimetral,530.029,373.185,98.27,18 Noviembre 2015,19.588,1
13,SP - 1,soportes de concreto para tuberias,495.221,351.355,98.593,18 Noviembre 2015,19.588,1
13,SP - 3,soportes de concreto para tuberias,500.838,356.977,98.53,18 Noviembre 2015,19.588,1
13,SP - 5,soportes de concreto para tuberias,506.452,362.594,98.605,18 Noviembre 2015,19.588,1
13,SP - 7,soportes de concreto para tuberias,397.567,353.207,100.522,18 Noviembre 2015,19.588,1
13,SP - 8,soportes de concreto para tuberias,401.774,357.407,100.545,18 Noviembre 2015,19.588,1
13,SP - 9,soportes de concreto para tuberias,379.438,378.341,100.257,18 Noviembre 2015,19.588,1
13,SP - 10,soportes de concreto para tuberias,375.755,374.634,100.205,18 Noviembre 2015,19.588,1
13,INC - 1,Inclinómetro / Asentamiento,499.981,353.969,98.352,18 Noviembre 2015,19.588,1
13,INC - 1,Inclinómetro / Asentamiento,499.965,353.81,98.342,18 Noviembre 2015,19.588,1
13,INC - 3 & AST - 3,Inclinómetro / Asentamiento,400.437,435.041,100.085,18 Noviembre 2015,19.588,1
13,INC - 3 & AST - 3,Inclinómetro / Asentamiento,400.345,435.09,100.093,18 Noviembre 2015,19.588,1
13,INC - 4 & AST - 1,Inclinómetro / Asentamiento,479.575,369.722,100.144,18 Noviembre 2015,19.588,1
13,INC - 4 & AST - 1,Inclinómetro / Asentamiento,479.528,369.902,100.071,18 Noviembre 2015,19.588,1
13,INC - 5 & AST - 2,Inclinómetro / Asentamiento,484.45,364.425,99.939,18 Noviembre 2015,19.588,1
13,INC - 5 & AST - 2,Inclinómetro / Asentamiento,484.41,364.555,99.861,18 Noviembre 2015,19.588,1
13,INC - 6 & AST - 4,Inclinómetro / Asentamiento,387.338,369.749,100.243,18 Noviembre 2015,19.588,1
13,INC - 6 & AST - 4,Inclinómetro / Asentamiento,387.359,369.867,100.017,18 Noviembre 2015,19.588,1
16,DQ - 1,dique del cubeto de los tanques,353.663,417.957,101.529,16 DE MAYO 2019,19.5,1
16,DQ - 2,dique del cubeto de los tanques,353.658,408.703,101.512,16 DE MAYO 2019,19.5,1
16,DQ - 3,dique del cubeto de los tanques,353.635,396.634,101.45,16 DE MAYO 2019,19.5,1
16,DQ - 4,dique del cubeto de los tanques,355.943,391.007,101.403,16 DE MAYO 2019,19.5,1
16,DQ - 5,dique del cubeto de los tanques,373.763,373.15,101.421,16 DE MAYO 2019,19.5,1
16,DQ - 6,dique del cubeto de los tanques,385.404,361.58,101.455,16 DE MAYO 2019,19.5,1
16,DQ - 7,dique del cubeto de los tanques,398.801,348.212,101.488,16 DE MAYO 2019,19.5,1
16,DQ - 8,dique del cubeto de los tanques,409.31,337.804,101.528,16 DE MAYO 2019,19.5,1
16,DQ - 9,dique del cubeto de los tanques,453.231,334.866,101.541,16 DE MAYO 2019,19.5,1
16,DQ - 10,dique del cubeto de los tanques,461.875,334.855,101.518,16 DE MAYO 2019,19.5,1
16,DQ - 11,dique del cubeto de los tanques,468.083,337.505,101.517,16 DE MAYO 2019,19.5,1
16,DQ - 12,dique del cubeto de los tanques,477.671,347.101,101.506,16 DE MAYO 2019,19.5,1
16,DQ - 13,dique del cubeto de los tanques,488.028,357.355,101.382,16 DE MAYO 2019,19.5,1
16,DQ - 14,dique del cubeto de los tanques,494.239,363.52,101.34,16 DE MAYO 2019,19.5,1
16,DQ - 15,dique del cubeto de los tanques,501.138,370.613,101.487,16 DE MAYO 2019,19.5,1
16,DQ - 16,dique del cubeto de los tanques,507.603,376.919,101.532,16 DE MAYO 2019,19.5,1
16,PC - 1,borde cuneta perimetral,327.845,418.454,99.071,16 DE MAYO 2019,19.5,1
16,PC - 2,borde cuneta perimetral,329.955,392.015,98.127,16 DE MAYO 2019,19.5,1
16,PC - 3,borde cuneta perimetral,335.57,384.308,98.072,16 DE MAYO 2019,19.5,1
16,PC - 4,borde cuneta perimetral,360.327,359.636,98.132,16 DE MAYO 2019,19.5,1
16,PC - 5,borde cuneta perimetral,371.38,348.588,98.16,16 DE MAYO 2019,19.5,1
16,PC - 6,borde cuneta perimetral,395.698,324.312,98.265,16 DE MAYO 2019,19.5,1
16,PC - 7,borde cuneta perimetral,481.864,325.034,98.291,16 DE MAYO 2019,19.5,1
16,PC - 8,borde cuneta perimetral,490.449,333.608,98.214,16 DE MAYO 2019,19.5,1
16,PC - 9,borde cuneta perimetral,501.789,344.915,98.126,16 DE MAYO 2019,19.5,1
16,PC - 10,borde cuneta perimetral,509.484,352.611,98.102,16 DE MAYO 2019,19.5,1
16,PC - 11,borde cuneta perimetral,518.846,361.93,98.213,16 DE MAYO 2019,19.5,1
16,PC - 12,borde cuneta perimetral,530.038,373.172,98.275,16 DE MAYO 2019,19.5,1
16,SP - 1,soportes de concreto para tuberias,495.242,351.346,98.555,16 DE MAYO 2019,19.5,1
16,SP - 3,soportes de concreto para tuberias,500.858,356.969,98.489,16 DE MAYO 2019,19.5,1
16,SP - 5,soportes de concreto para tuberias,506.471,362.586,98.473,16 DE MAYO 2019,19.5,1
16,SP - 7,soportes de concreto para tuberias,397.569,353.204,100.518,16 DE MAYO 2019,19.5,1
16,SP - 8,soportes de concreto para tuberias,401.777,357.404,100.544,16 DE MAYO 2019,19.5,1
16,SP - 9,soportes de concreto para tuberias,379.436,378.339,100.254,16 DE MAYO 2019,19.5,1
16,SP - 10,soportes de concreto para tuberias,375.755,374.628,100.199,16 DE MAYO 2019,19.5,1
16,INC - 1,Inclinómetro / Asentamiento,499.998,353.958,98.321,16 DE MAYO 2019,19.5,1
16,INC - 1,Inclinómetro / Asentamiento,499.981,353.801,98.302,16 DE MAYO 2019,19.5,1
16,INC - 3 & AST - 3,Inclinómetro / Asentamiento,400.441,435.041,100.094,16 DE MAYO 2019,19.5,1
16,INC - 3 & AST - 3,Inclinómetro / Asentamiento,400.349,435.09,100.101,16 DE MAYO 2019,19.5,1
16,INC - 4 & AST - 1,Inclinómetro / Asentamiento,479.577,369.725,100.147,16 DE MAYO 2019,19.5,1
16,INC - 4 & AST - 1,Inclinómetro / Asentamiento,479.529,369.907,100.073,16 DE MAYO 2019,19.5,1
16,INC - 5 & AST - 2,Inclinómetro / Asentamiento,484.457,364.425,99.943,16 DE MAYO 2019,19.5,1
16,INC - 5 & AST - 2,Inclinómetro / Asentamiento,484.415,364.556,99.862,16 DE MAYO 2019,19.5,1
16,INC - 6 & AST - 4,Inclinómetro / Asentamiento,387.337,369.748,100.243,16 DE MAYO 2019,19.5,1
16,INC - 6 & AST - 4,Inclinómetro / Asentamiento,387.357,369.865,100.021,16 DE MAYO 2019,19.5,1
17,DQ - 1,dique del cubeto de los tanques,353.659,417.956,101.532,29 DE AGOSTO 2020,19.408,1
17,DQ - 2,dique del cubeto de los tanques,353.653,408.702,101.515,29 DE AGOSTO 2020,19.408,1
17,DQ - 3,dique del cubeto de los tanques,353.632,396.632,101.451,29 DE AGOSTO 2020,19.408,1
17,DQ - 4,dique del cubeto de los tanques,355.94,391.006,101.405,29 DE AGOSTO 2020,19.408,1
17,DQ - 5,dique del cubeto de los tanques,373.765,373.151,101.421,29 DE AGOSTO 2020,19.408,1
17,DQ - 6,dique del cubeto de los tanques,385.401,361.578,101.457,29 DE AGOSTO 2020,19.408,1
17,DQ - 7,dique del cubeto de los tanques,398.799,348.211,101.409,29 DE AGOSTO 2020,19.408,1
17,DQ - 8,dique del cubeto de los tanques,409.307,337.802,101.53,29 DE AGOSTO 2020,19.408,1
17,DQ - 9,dique del cubeto de los tanques,453.23,334.861,101.544,29 DE AGOSTO 2020,19.408,1
17,DQ - 10,dique del cubeto de los tanques,461.874,334.851,101.519,29 DE AGOSTO 2020,19.408,1
17,DQ - 11,dique del cubeto de los tanques,468.083,337.502,101.518,29 DE AGOSTO 2020,19.408,1
17,DQ - 12,dique del cubeto de los tanques,477.671,347.097,101.508,29 DE AGOSTO 2020,19.408,1
17,DQ - 13,dique del cubeto de los tanques,488.028,357.35,101.38,29 DE AGOSTO 2020,19.408,1
17,DQ - 14,dique del cubeto de los tanques,494.241,363.513,101.338,29 DE AGOSTO 2020,19.408,1
17,DQ - 15,dique del cubeto de los tanques,501.136,370.61,101.488,29 DE AGOSTO 2020,19.408,1
17,DQ - 16,dique del cubeto de los tanques,507.601,376.917,101.533,29 DE AGOSTO 2020,19.408,1
17,PC - 1,borde cuneta perimetral,327.846,418.453,99.071,29 DE AGOSTO 2020,19.408,1
17,PC - 2,borde cuneta perimetral,329.948,392.013,98.121,29 DE AGOSTO 2020,19.408,1
17,PC - 3,borde cuneta perimetral,335.564,384.304,98.06599999999999,29 DE AGOSTO 2020,19.408,1
17,PC - 4,borde cuneta perimetral,360.324,359.634,98.13,29 DE AGOSTO 2020,19.408,1
17,PC - 5,borde cuneta perimetral,371.376,348.586,98.15899999999999,29 DE AGOSTO 2020,19.408,1
17,PC - 6,borde cuneta perimetral,395.698,324.312,98.265,29 DE AGOSTO 2020,19.408,1
17,PC - 7,borde cuneta perimetral,481.863,325.033,98.291,29 DE AGOSTO 2020,19.408,1
17,PC - 8,borde cuneta perimetral,490.449,333.605,98.21000000000001,29 DE AGOSTO 2020,19.408,1
17,PC - 9,borde cuneta perimetral,501.787,344.911,98.108,29 DE AGOSTO 2020,19.408,1
17,PC - 10,borde cuneta perimetral,509.483,352.607,98.093,29 DE AGOSTO 2020,19.408,1
17,PC - 11,borde cuneta perimetral,518.845,361.926,98.205,29 DE AGOSTO 2020,19.408,1
17,PC - 12,borde cuneta perimetral,530.035,373.172,98.271,29 DE AGOSTO 2020,19.408,1
17,SP - 1,soportes de concreto para tuberias,495.241,351.343,98.55,29 DE AGOSTO 2020,19.408,1
17,SP - 3,soportes de concreto para tuberias,500.858,356.966,98.483,29 DE AGOSTO 2020,19.408,1
17,SP - 5,soportes de concreto para tuberias,506.47,362.585,98.57,29 DE AGOSTO 2020,19.408,1
17,SP - 7,soportes de concreto para tuberias,397.567,353.203,100.517,29 DE AGOSTO 2020,19.408,1
17,SP - 8,soportes de concreto para tuberias,401.776,357.402,100.543,29 DE AGOSTO 2020,19.408,1
17,SP - 9,soportes de concreto para tuberias,379.434,378.338,100.253,29 DE AGOSTO 2020,19.408,1
17,SP - 10,soportes de concreto para tuberias,375.752,374.629,100.198,29 DE AGOSTO 2020,19.408,1
17,INC - 1,Inclinómetro / Asentamiento,500.0,353.955,98.319,29 DE AGOSTO 2020,19.408,1
17,INC - 1,Inclinómetro / Asentamiento,499.982,353.798,98.294,29 DE AGOSTO 2020,19.408,1
17,INC - 3 & AST - 3,Inclinómetro / Asentamiento,400.44,435.042,100.094,29 DE AGOSTO 2020,19.408,1
17,INC - 3 & AST - 3,Inclinómetro / Asentamiento,400.349,435.091,100.101,29 DE AGOSTO 2020,19.408,1
17,INC - 4 & AST - 1,Inclinómetro / Asentamiento,479.578,369.722,100.145,29 DE AGOSTO 2020,19.408,1
17,INC - 4 & AST - 1,Inclinómetro / Asentamiento,479.53,369.902,100.071,29 DE AGOSTO 2020,19.408,1
17,INC - 5 & AST - 2,Inclinómetro / Asentamiento,484.459,364.419,99.939,29 DE AGOSTO 2020,19.408,1
17,INC - 5 & AST - 2,Inclinómetro / Asentamiento,484.419,364.551,99.859,29 DE AGOSTO 2020,19.408,1
17,INC - 6 & AST - 4,Inclinómetro / Asentamiento,387.335,369.746,100.241,29 DE AGOSTO 2020,19.408,1
17,INC - 6 & AST - 4,Inclinómetro / Asentamiento,387.354,369.864,100.018,29 DE AGOSTO 2020,19.408,1
19,DQ - 1,dique del cubeto de los tanques,353.656,417.957,101.534,12 de Abril 2022,19.404,1
19,DQ - 2,dique del cubeto de los tanques,353.65,408.703,101.517,12 de Abril 2022,19.404,1
19,DQ - 3,dique del cubeto de los tanques,353.632,396.632,101.452,12 de Abril 2022,19.404,1
19,DQ - 4,dique del cubeto de los tanques,355.941,391.005,101.404,12 de Abril 2022,19.404,1
19,DQ - 5,dique del cubeto de los tanques,373.767,373.153,101.421,12 de Abril 2022,19.404,1
19,DQ - 6,dique del cubeto de los tanques,385.403,361.582,101.455,12 de Abril 2022,19.404,1
19,DQ - 7,dique del cubeto de los tanques,398.8,348.214,101.489,12 de Abril 2022,19.404,1
19,DQ - 8,dique del cubeto de los tanques,409.308,337.807,101.533,12 de Abril 2022,19.404,1
19,DQ - 9,dique del cubeto de los tanques,453.233,334.863,101.549,12 de Abril 2022,19.404,1
19,DQ - 10,dique del cubeto de los tanques,461.875,334.851,101.523,12 de Abril 2022,19.404,1
19,DQ - 11,dique del cubeto de los tanques,468.084,337.5,101.521,12 de Abril 2022,19.404,1
19,DQ - 12,dique del cubeto de los tanques,477.674,347.094,101.508,12 de Abril 2022,19.404,1
19,DQ - 13,dique del cubeto de los tanques,488.033,357.345,101.374,12 de Abril 2022,19.404,1
19,DQ - 14,dique del cubeto de los tanques,494.252,363.503,101.329,12 de Abril 2022,19.404,1
19,DQ - 15,dique del cubeto de los tanques,501.138,370.607,101.487,12 de Abril 2022,19.404,1
19,DQ - 16,dique del cubeto de los tanques,507.602,376.917,101.533,12 de Abril 2022,19.404,1
19,PC - 1,borde cuneta perimetral,327.843,418.455,99.072,12 de Abril 2022,19.404,1
19,PC - 2,borde cuneta perimetral,329.948,392.015,98.123,12 de Abril 2022,19.404,1
19,PC - 3,borde cuneta perimetral,335.565,384.305,98.068,12 de Abril 2022,19.404,1
19,PC - 4,borde cuneta perimetral,360.324,359.635,98.129,12 de Abril 2022,19.404,1
19,PC - 5,borde cuneta perimetral,371.375,348.587,98.16,12 de Abril 2022,19.404,1
19,PC - 6,borde cuneta perimetral,395.702,324.315,98.271,12 de Abril 2022,19.404,1
19,PC - 7,borde cuneta perimetral,481.869,325.037,98.292,12 de Abril 2022,19.404,1
19,PC - 8,borde cuneta perimetral,490.461,333.602,98.195,12 de Abril 2022,19.404,1
19,PC - 9,borde cuneta perimetral,501.803,344.894,98.078,12 de Abril 2022,19.404,1
19,PC - 10,borde cuneta perimetral,509.497,352.59,98.055,12 de Abril 2022,19.404,1
19,PC - 11,borde cuneta perimetral,518.857,361.912,98.184,12 de Abril 2022,19.404,1
19,PC - 12,borde cuneta perimetral,530.033,373.171,98.273,12 de Abril 2022,19.404,1
19,SP - 1,soportes de concreto para tuberias,495.255,351.333,98.528,12 de Abril 2022,19.404,1
19,SP - 3,soportes de concreto para tuberias,500.873,356.955,98.458,12 de Abril 2022,19.404,1
19,SP - 5,soportes de concreto para tuberias,506.483,362.578,98.552,12 de Abril 2022,19.404,1
19,SP - 7,soportes de concreto para tuberias,397.569,353.206,100.518,12 de Abril 2022,19.404,1
19,SP - 8,soportes de concreto para tuberias,401.778,357.405,100.545,12 de Abril 2022,19.404,1
19,SP - 9,soportes de concreto para tuberias,379.435,378.34,100.25,12 de Abril 2022,19.404,1
19,SP - 10,soportes de concreto para tuberias,375.752,374.63,100.197,12 de Abril 2022,19.404,1
19,INC - 1,Inclinómetro / Asentamiento,500.017,353.943,98.298,12 de Abril 2022,19.404,1
19,INC - 1,Inclinómetro / Asentamiento,500.001,353.786,98.269,12 de Abril 2022,19.404,1
19,INC - 3 & AST - 3,Inclinómetro / Asentamiento,400.441,435.042,100.092,12 de Abril 2022,19.404,1
19,INC - 3 & AST - 3,Inclinómetro / Asentamiento,400.351,435.092,100.105,12 de Abril 2022,19.404,1
19,INC - 4 & AST - 1,Inclinómetro / Asentamiento,479.579,369.723,100.145,12 de Abril 2022,19.404,1
19,INC - 4 & AST - 1,Inclinómetro / Asentamiento,479.531,369.904,100.072,12 de Abril 2022,19.404,1
19,INC - 5 & AST - 2,Inclinómetro / Asentamiento,484.462,364.418,99.937,12 de Abril 2022,19.404,1
19,INC - 5 & AST - 2,Inclinómetro / Asentamiento,484.422,364.549,99.857,12 de Abril 2022,19.404,1
19,INC - 6 & AST - 4,Inclinómetro / Asentamiento,387.337,369.748,100.239,12 de Abril 2022,19.404,1
19,INC - 6 & AST - 4,Inclinómetro / Asentamiento,387.357,369.867,100.017,12 de Abril 2022,19.404,1
20,DQ - 1,dique del cubeto de los tanques,353.657,417.955,101.537,29 de Agosto 2022,19.4,1
20,DQ - 2,dique del cubeto de los tanques,353.65,408.701,101.527,29 de Agosto 2022,19.4,1
20,DQ - 3,dique del cubeto de los tanques,353.632,396.63,101.452,29 de Agosto 2022,19.4,1
20,DQ - 4,dique del cubeto de los tanques,355.941,391.004,101.404,29 de Agosto 2022,19.4,1
20,DQ - 5,dique del cubeto de los tanques,373.767,373.152,101.419,29 de Agosto 2022,19.4,1
20,DQ - 6,dique del cubeto de los tanques,385.403,361.58,101.456,29 de Agosto 2022,19.4,1
20,DQ - 7,dique del cubeto de los tanques,398.799,348.211,101.491,29 de Agosto 2022,19.4,1
20,DQ - 8,dique del cubeto de los tanques,409.307,337.803,101.534,29 de Agosto 2022,19.4,1
20,DQ - 9,dique del cubeto de los tanques,453.234,334.863,101.55,29 de Agosto 2022,19.4,1
20,DQ - 10,dique del cubeto de los tanques,461.877,334.851,101.523,29 de Agosto 2022,19.4,1
20,DQ - 11,dique del cubeto de los tanques,468.086,337.5,101.521,29 de Agosto 2022,19.4,1
20,DQ - 12,dique del cubeto de los tanques,477.676,347.094,101.508,29 de Agosto 2022,19.4,1
20,DQ - 13,dique del cubeto de los tanques,488.037,357.343,101.373,29 de Agosto 2022,19.4,1
20,DQ - 14,dique del cubeto de los tanques,494.256,363.5,101.328,29 de Agosto 2022,19.4,1
20,DQ - 15,dique del cubeto de los tanques,501.141,370.604,101.486,29 de Agosto 2022,19.4,1
20,DQ - 16,dique del cubeto de los tanques,507.606,376.914,101.533,29 de Agosto 2022,19.4,1
20,PC - 1,borde cuneta perimetral,327.845,418.452,99.074,29 de Agosto 2022,19.4,1
20,PC - 2,borde cuneta perimetral,329.947,392.01,98.121,29 de Agosto 2022,19.4,1
20,PC - 3,borde cuneta perimetral,335.564,384.304,98.065,29 de Agosto 2022,19.4,1
20,PC - 4,borde cuneta perimetral,360.324,359.632,98.132,29 de Agosto 2022,19.4,1
20,PC - 5,borde cuneta perimetral,371.374,348.585,98.162,29 de Agosto 2022,19.4,1
20,PC - 6,borde cuneta perimetral,395.702,324.313,98.272,29 de Agosto 2022,19.4,1
20,PC - 7,borde cuneta perimetral,481.871,325.035,98.293,29 de Agosto 2022,19.4,1
20,PC - 8,borde cuneta perimetral,490.465,333.6,98.193,29 de Agosto 2022,19.4,1
20,PC - 9,borde cuneta perimetral,501.805,344.889,98.075,29 de Agosto 2022,19.4,1
20,PC - 10,borde cuneta perimetral,509.502,352.586,98.049,29 de Agosto 2022,19.4,1
20,PC - 11,borde cuneta perimetral,518.86,361.907,98.179,29 de Agosto 2022,19.4,1
20,PC - 12,borde cuneta perimetral,530.037,373.168,98.268,29 de Agosto 2022,19.4,1
20,SP - 1,soportes de concreto para tuberias,495.257,351.33,98.526,29 de Agosto 2022,19.4,1
20,SP - 3,soportes de concreto para tuberias,500.876,356.952,98.458,29 de Agosto 2022,19.4,1
20,SP - 5,soportes de concreto para tuberias,506.485,362.574,98.549,29 de Agosto 2022,19.4,1
20,SP - 7,soportes de concreto para tuberias,397.57,353.204,100.515,29 de Agosto 2022,19.4,1
20,SP - 8,soportes de concreto para tuberias,401.779,357.402,100.541,29 de Agosto 2022,19.4,1
20,SP - 9,soportes de concreto para tuberias,379.435,378.336,100.25,29 de Agosto 2022,19.4,1
20,SP - 10,soportes de concreto para tuberias,375.752,374.627,100.194,29 de Agosto 2022,19.4,1
20,INC - 1,Inclinómetro / Asentamiento,500.018,353.941,98.296,29 de Agosto 2022,19.4,1
20,INC - 1,Inclinómetro / Asentamiento,500.003,353.782,98.268,29 de Agosto 2022,19.4,1
20,INC - 3 & AST - 3,Inclinómetro / Asentamiento,400.447,435.042,100.09,29 de Agosto 2022,19.4,1
20,INC - 3 & AST - 3,Inclinómetro / Asentamiento,400.355,435.09,100.103,29 de Agosto 2022,19.4,1
20,INC - 4 & AST - 1,Inclinómetro / Asentamiento,479.581,369.721,100.145,29 de Agosto 2022,19.4,1
20,INC - 4 & AST - 1,Inclinómetro / Asentamiento,479.532,369.904,100.072,29 de Agosto 2022,19.4,1
20,INC - 5 & AST - 2,Inclinómetro / Asentamiento,484.466,364.416,99.938,29 de Agosto 2022,19.4,1
20,INC - 5 & AST - 2,Inclinómetro / Asentamiento,484.426,364.547,99.854,29 de Agosto 2022,19.4,1
20,INC - 6 & AST - 4,Inclinómetro / Asentamiento,387.337,369.746,100.239,29 de Agosto 2022,19.4,1
20,INC - 6 & AST - 4,Inclinómetro / Asentamiento,387.358,369.865,100.014,29 de Agosto 2022,19.4,1
21,DQ - 1,dique del cubeto de los tanques,353.654,417.956,101.535,22 de Agosto 2023,19.6,1
21,DQ - 2,dique del cubeto de los tanques,353.648,408.702,101.516,22 de Agosto 2023,19.6,1
21,DQ - 3,dique del cubeto de los tanques,353.631,396.631,101.449,22 de Agosto 2023,19.6,1
21,DQ - 4,dique del cubeto de los tanques,355.94,391.005,101.402,22 de Agosto 2023,19.6,1
21,DQ - 5,dique del cubeto de los tanques,373.767,373.154,101.42,22 de Agosto 2023,19.6,1
21,DQ - 6,dique del cubeto de los tanques,385.403,361.582,101.455,22 de Agosto 2023,19.6,1
21,DQ - 7,dique del cubeto de los tanques,398.801,348.216,101.489,22 de Agosto 2023,19.6,1
21,DQ - 8,dique del cubeto de los tanques,409.306,337.805,101.533,22 de Agosto 2023,19.6,1
21,DQ - 9,dique del cubeto de los tanques,453.232,334.862,101.548,22 de Agosto 2023,19.6,1
21,DQ - 10,dique del cubeto de los tanques,461.876,334.849,101.521,22 de Agosto 2023,19.6,1
21,DQ - 11,dique del cubeto de los tanques,468.085,337.498,101.52,22 de Agosto 2023,19.6,1
21,DQ - 12,dique del cubeto de los tanques,477.677,347.09,101.506,22 de Agosto 2023,19.6,1
21,DQ - 13,dique del cubeto de los tanques,488.04,357.339,101.368,22 de Agosto 2023,19.6,1
21,DQ - 14,dique del cubeto de los tanques,494.259,363.495,101.322,22 de Agosto 2023,19.6,1
21,DQ - 15,dique del cubeto de los tanques,501.141,370.603,101.484,22 de Agosto 2023,19.6,1
21,DQ - 16,dique del cubeto de los tanques,507.604,376.914,101.533,22 de Agosto 2023,19.6,1
21,PC - 1,borde cuneta perimetral,327.842,418.455,99.071,22 de Agosto 2023,19.6,1
21,PC - 2,borde cuneta perimetral,329.946,392.014,98.12,22 de Agosto 2023,19.6,1
21,PC - 3,borde cuneta perimetral,335.564,384.305,98.065,22 de Agosto 2023,19.6,1
21,PC - 4,borde cuneta perimetral,360.321,359.631,98.127,22 de Agosto 2023,19.6,1
21,PC - 5,borde cuneta perimetral,371.374,348.586,98.157,22 de Agosto 2023,19.6,1
21,PC - 6,borde cuneta perimetral,395.699,324.314,98.27,22 de Agosto 2023,19.6,1
21,PC - 7,borde cuneta perimetral,481.872,325.031,98.29,22 de Agosto 2023,19.6,1
21,PC - 8,borde cuneta perimetral,490.467,333.597,98.185,22 de Agosto 2023,19.6,1
21,PC - 9,borde cuneta perimetral,501.808,344.884,98.065,22 de Agosto 2023,19.6,1
21,PC - 10,borde cuneta perimetral,509.505,352.582,98.04,22 de Agosto 2023,19.6,1
21,PC - 11,borde cuneta perimetral,518.863,361.903,98.171,22 de Agosto 2023,19.6,1
21,PC - 12,borde cuneta perimetral,530.037,373.166,98.269,22 de Agosto 2023,19.6,1
21,SP - 1,soportes de concreto para tuberias,495.261,351.327,98.519,22 de Agosto 2023,19.6,1
21,SP - 3,soportes de concreto para tuberias,500.879,356.949,98.45,22 de Agosto 2023,19.6,1
21,SP - 5,soportes de concreto para tuberias,506.489,362.574,98.544,22 de Agosto 2023,19.6,1
21,SP - 7,soportes de concreto para tuberias,397.57,353.206,100.515,22 de Agosto 2023,19.6,1
21,SP - 8,soportes de concreto para tuberias,401.779,357.403,100.541,22 de Agosto 2023,19.6,1
21,SP - 9,soportes de concreto para tuberias,379.437,378.339,100.25,22 de Agosto 2023,19.6,1
21,SP - 10,soportes de concreto para tuberias,375.754,374.63,100.194,22 de Agosto 2023,19.6,1
21,INC - 1,Inclinómetro / Asentamiento,500.024,353.936,98.29,22 de Agosto 2023,19.6,1
21,INC - 1,Inclinómetro / Asentamiento,500.006,353.778,98.259,22 de Agosto 2023,19.6,1
21,INC - 3 & AST - 3,Inclinómetro / Asentamiento,400.444,435.038,100.092,22 de Agosto 2023,19.6,1
21,INC - 3 & AST - 3,Inclinómetro / Asentamiento,400.352,435.09,100.103,22 de Agosto 2023,19.6,1
21,INC - 4 & AST - 1,Inclinómetro / Asentamiento,479.587,369.711,100.15,22 de Agosto 2023,19.6,1
21,INC - 4 & AST - 1,Inclinómetro / Asentamiento,479.539,369.892,100.077,22 de Agosto 2023,19.6,1
21,INC - 5 & AST - 2,Inclinómetro / Asentamiento,484.468,364.407,99.939,22 de Agosto 2023,19.6,1
21,INC - 5 & AST - 2,Inclinómetro / Asentamiento,484.429,364.539,99.855,22 de Agosto 2023,19.6,1
21,INC - 6 & AST - 4,Inclinómetro / Asentamiento,387.337,369.749,100.24,22 de Agosto 2023,19.6,1
21,INC - 6 & AST - 4,Inclinómetro / Asentamiento,387.357,369.867,100.016,22 de Agosto 2023,19.6,1
22,DQ - 1,dique del cubeto de los tanques,353.654,417.956,101.535,12 DE FEBRERO 2024,7.035,1
22,DQ - 2,dique del cubeto de los tanques,353.647,408.702,101.516,12 DE FEBRERO 2024,7.035,1
22,DQ - 3,dique del cubeto de los tanques,353.63,396.63,101.451,12 DE FEBRERO 2024,7.035,1
22,DQ - 4,dique del cubeto de los tanques,355.939,391.004,101.402,12 DE FEBRERO 2024,7.035,1
22,DQ - 5,dique del cubeto de los tanques,373.766,373.153,101.421,12 DE FEBRERO 2024,7.035,1
22,DQ - 6,dique del cubeto de los tanques,385.402,361.581,101.458,12 DE FEBRERO 2024,7.035,1
22,DQ - 7,dique del cubeto de los tanques,398.799,348.213,101.491,12 DE FEBRERO 2024,7.035,1
22,DQ - 8,dique del cubeto de los tanques,409.305,337.804,101.534,12 DE FEBRERO 2024,7.035,1
22,DQ - 9,dique del cubeto de los tanques,453.233,334.861,101.549,12 DE FEBRERO 2024,7.035,1
22,DQ - 10,dique del cubeto de los tanques,461.876,334.848,101.523,12 DE FEBRERO 2024,7.035,1
22,DQ - 11,dique del cubeto de los tanques,468.085,337.497,101.521,12 DE FEBRERO 2024,7.035,1
22,DQ - 12,dique del cubeto de los tanques,477.678,347.089,101.507,12 DE FEBRERO 2024,7.035,1
22,DQ - 13,dique del cubeto de los tanques,488.041,357.337,101.37,12 DE FEBRERO 2024,7.035,1
22,DQ - 14,dique del cubeto de los tanques,494.26,363.494,101.323,12 DE FEBRERO 2024,7.035,1
22,DQ - 15,dique del cubeto de los tanques,501.142,370.601,101.486,12 DE FEBRERO 2024,7.035,1
22,DQ - 16,dique del cubeto de los tanques,507.604,376.913,101.534,12 DE FEBRERO 2024,7.035,1
22,PC - 1,borde cuneta perimetral,327.845,418.453,99.071,12 DE FEBRERO 2024,7.035,1
22,PC - 2,borde cuneta perimetral,329.947,392.012,98.122,12 DE FEBRERO 2024,7.035,1
22,PC - 3,borde cuneta perimetral,335.565,384.303,98.066,12 DE FEBRERO 2024,7.035,1
22,PC - 4,borde cuneta perimetral,360.32,359.63,98.127,12 DE FEBRERO 2024,7.035,1
22,PC - 5,borde cuneta perimetral,371.371,348.585,98.158,12 DE FEBRERO 2024,7.035,1
22,PC - 6,borde cuneta perimetral,395.698,324.314,98.271,12 DE FEBRERO 2024,7.035,1
22,PC - 7,borde cuneta perimetral,481.873,325.034,98.291,12 DE FEBRERO 2024,7.035,1
22,PC - 8,borde cuneta perimetral,490.468,333.598,98.186,12 DE FEBRERO 2024,7.035,1
22,PC - 9,borde cuneta perimetral,501.808,344.883,98.064,12 DE FEBRERO 2024,7.035,1
22,PC - 10,borde cuneta perimetral,509.504,352.578,98.039,12 DE FEBRERO 2024,7.035,1
22,PC - 11,borde cuneta perimetral,518.862,361.902,98.174,12 DE FEBRERO 2024,7.035,1
22,PC - 12,borde cuneta perimetral,530.036,373.163,98.273,12 DE FEBRERO 2024,7.035,1
22,SP - 1,soportes de concreto para tuberias,495.261,351.326,98.519,12 DE FEBRERO 2024,7.035,1
22,SP - 3,soportes de concreto para tuberias,500.879,356.949,98.451,12 DE FEBRERO 2024,7.035,1
22,SP - 5,soportes de concreto para tuberias,506.488,362.572,98.545,12 DE FEBRERO 2024,7.035,1
22,SP - 7,soportes de concreto para tuberias,397.568,353.203,100.517,12 DE FEBRERO 2024,7.035,1
22,SP - 8,soportes de concreto para tuberias,401.778,357.402,100.545,12 DE FEBRERO 2024,7.035,1
22,SP - 9,soportes de concreto para tuberias,379.435,378.339,100.253,12 DE FEBRERO 2024,7.035,1
22,SP - 10,soportes de concreto para tuberias,375.752,374.629,100.197,12 DE FEBRERO 2024,7.035,1
22,INC - 1,Inclinómetro / Asentamiento,500.022,353.937,98.292,12 DE FEBRERO 2024,7.035,1
22,INC - 1,Inclinómetro / Asentamiento,500.007,353.78,98.26,12 DE FEBRERO 2024,7.035,1
22,INC - 3 & AST - 3,Inclinómetro / Asentamiento,400.441,435.043,100.098,12 DE FEBRERO 2024,7.035,1
22,INC - 3 & AST - 3,Inclinómetro / Asentamiento,400.349,435.091,100.111,12 DE FEBRERO 2024,7.035,1
22,INC - 4 & AST - 1,Inclinómetro / Asentamiento,479.592,369.708,100.155,12 DE FEBRERO 2024,7.035,1
22,INC - 4 & AST - 1,Inclinómetro / Asentamiento,479.544,369.889,100.083,12 DE FEBRERO 2024,7.035,1
22,INC - 5 & AST - 2,Inclinómetro / Asentamiento,484.476,364.405,99.943,12 DE FEBRERO 2024,7.035,1
22,INC - 5 & AST - 2,Inclinómetro / Asentamiento,484.434,364.535,99.859,12 DE FEBRERO 2024,7.035,1
22,INC - 6 & AST - 4,Inclinómetro / Asentamiento,387.337,369.748,100.243,12 DE FEBRERO 2024,7.035,1
22,INC - 6 & AST - 4,Inclinómetro / Asentamiento,387.356,369.865,100.022,12 DE FEBRERO 2024,7.035,1
23,DQ - 1,dique del cubeto de los tanques,353.649,417.956,101.535,15 DE ENERO 2025,19.4,1
23,DQ - 2,dique del cubeto de los tanques,353.644,408.703,101.515,15 DE ENERO 2025,19.4,1
23,DQ - 3,dique del cubeto de los tanques,353.63,396.63,101.448,15 DE ENERO 2025,19.4,1
23,DQ - 4,dique del cubeto de los tanques,355.939,391.003,101.4,15 DE ENERO 2025,19.4,1
23,DQ - 5,dique del cubeto de los tanques,373.768,373.152,101.42,15 DE ENERO 2025,19.4,1
23,DQ - 6,dique del cubeto de los tanques,385.403,361.581,101.455,15 DE ENERO 2025,19.4,1
23,DQ - 7,dique del cubeto de los tanques,398.797,348.21,101.486,15 DE ENERO 2025,19.4,1
23,DQ - 8,dique del cubeto de los tanques,409.309,337.807,101.533,15 DE ENERO 2025,19.4,1
23,DQ - 9,dique del cubeto de los tanques,453.238,334.865,101.546,15 DE ENERO 2025,19.4,1
23,DQ - 10,dique del cubeto de los tanques,461.879,334.853,101.519,15 DE ENERO 2025,19.4,1
23,DQ - 11,dique del cubeto de los tanques,468.089,337.501,101.518,15 DE ENERO 2025,19.4,1
23,DQ - 12,dique del cubeto de los tanques,477.684,347.092,101.503,15 DE ENERO 2025,19.4,1
23,DQ - 13,dique del cubeto de los tanques,488.048,357.338,101.361,15 DE ENERO 2025,19.4,1
23,DQ - 14,dique del cubeto de los tanques,494.268,363.493,101.314,15 DE ENERO 2025,19.4,1
23,DQ - 15,dique del cubeto de los tanques,501.144,370.603,101.482,15 DE ENERO 2025,19.4,1
23,DQ - 16,dique del cubeto de los tanques,507.607,376.918,101.532,15 DE ENERO 2025,19.4,1
23,PC - 1,borde cuneta perimetral,327.85,418.454,99.065,15 DE ENERO 2025,19.4,1
23,PC - 2,borde cuneta perimetral,329.949,392.014,98.114,15 DE ENERO 2025,19.4,1
23,PC - 3,borde cuneta perimetral,335.565,384.304,98.053,15 DE ENERO 2025,19.4,1
23,PC - 4,borde cuneta perimetral,360.323,359.629,98.116,15 DE ENERO 2025,19.4,1
23,PC - 5,borde cuneta perimetral,371.374,348.585,98.149,15 DE ENERO 2025,19.4,1
23,PC - 6,borde cuneta perimetral,395.699,324.314,98.259,15 DE ENERO 2025,19.4,1
23,PC - 7,borde cuneta perimetral,481.882,325.037,98.281,15 DE ENERO 2025,19.4,1
23,PC - 8,borde cuneta perimetral,490.484,333.594,98.162,15 DE ENERO 2025,19.4,1
23,PC - 9,borde cuneta perimetral,501.821,344.878,98.043,15 DE ENERO 2025,19.4,1
23,PC - 10,borde cuneta perimetral,509.519,352.572,98.015,15 DE ENERO 2025,19.4,1
23,PC - 11,borde cuneta perimetral,518.878,361.892,98.148,15 DE ENERO 2025,19.4,1
23,PC - 12,borde cuneta perimetral,530.045,373.161,98.256,15 DE ENERO 2025,19.4,1
23,SP - 1,soportes de concreto para tuberias,495.271,351.328,98.508,15 DE ENERO 2025,19.4,1
23,SP - 3,soportes de concreto para tuberias,500.89,356.949,98.439,15 DE ENERO 2025,19.4,1
23,SP - 5,soportes de concreto para tuberias,506.497,362.576,98.535,15 DE ENERO 2025,19.4,1
23,SP - 7,soportes de concreto para tuberias,397.572,353.205,100.515,15 DE ENERO 2025,19.4,1
23,SP - 8,soportes de concreto para tuberias,401.783,357.404,100.542,15 DE ENERO 2025,19.4,1
23,SP - 9,soportes de concreto para tuberias,379.439,378.338,100.251,15 DE ENERO 2025,19.4,1
23,SP - 10,soportes de concreto para tuberias,375.754,374.628,100.195,15 DE ENERO 2025,19.4,1
23,INC - 1,Inclinómetro / Asentamiento,500.035,353.938,98.281,15 DE ENERO 2025,19.4,1
23,INC - 1,Inclinómetro / Asentamiento,500.019,353.78,98.246,15 DE ENERO 2025,19.4,1
23,INC - 3 & AST - 3,Inclinómetro / Asentamiento,400.444,435.04,100.091,15 DE ENERO 2025,19.4,1
23,INC - 3 & AST - 3,Inclinómetro / Asentamiento,400.352,435.092,100.104,15 DE ENERO 2025,19.4,1
23,INC - 4 & AST - 1,Inclinómetro / Asentamiento,479.594,369.714,100.151,15 DE ENERO 2025,19.4,1
23,INC - 4 & AST - 1,Inclinómetro / Asentamiento,479.545,369.895,100.076,15 DE ENERO 2025,19.4,1
23,INC - 5 & AST - 2,Inclinómetro / Asentamiento,484.477,364.411,99.937,15 DE ENERO 2025,19.4,1
23,INC - 5 & AST - 2,Inclinómetro / Asentamiento,484.435,364.543,99.851,15 DE ENERO 2025,19.4,1
23,INC - 6 & AST - 4,Inclinómetro / Asentamiento,387.34,369.749,100.239,15 DE ENERO 2025,19.4,1
23,INC - 6 & AST - 4,Inclinómetro / Asentamiento,387.36,369.868,100.015,15 DE ENERO 2025,19.4,1
24,DQ - 1,dique del cubeto de los tanques,353.648,417.954,101.538,21 DE AGOSTO 2025,19.4,1
24,DQ - 2,dique del cubeto de los tanques,353.642,408.7,101.519,21 DE AGOSTO 2025,19.4,1
24,DQ - 3,dique del cubeto de los tanques,353.628,396.629,101.449,21 DE AGOSTO 2025,19.4,1
24,DQ - 4,dique del cubeto de los tanques,355.937,391.002,101.4,21 DE AGOSTO 2025,19.4,1
24,DQ - 5,dique del cubeto de los tanques,373.765,373.151,101.419,21 DE AGOSTO 2025,19.4,1
24,DQ - 6,dique del cubeto de los tanques,385.4,361.58,101.454,21 DE AGOSTO 2025,19.4,1
24,DQ - 7,dique del cubeto de los tanques,398.797,348.212,101.488,21 DE AGOSTO 2025,19.4,1
24,DQ - 8,dique del cubeto de los tanques,409.303,337.803,101.534,21 DE AGOSTO 2025,19.4,1
24,DQ - 9,dique del cubeto de los tanques,453.233,334.861,101.548,21 DE AGOSTO 2025,19.4,1
24,DQ - 10,dique del cubeto de los tanques,461.876,334.849,101.52,21 DE AGOSTO 2025,19.4,1
24,DQ - 11,dique del cubeto de los tanques,468.087,337.497,101.518,21 DE AGOSTO 2025,19.4,1
24,DQ - 12,dique del cubeto de los tanques,477.682,347.088,101.502,21 DE AGOSTO 2025,19.4,1
24,DQ - 13,dique del cubeto de los tanques,488.059,357.332,101.348,21 DE AGOSTO 2025,19.4,1
24,DQ - 14,dique del cubeto de los tanques,494.056,363.22,101.255,21 DE AGOSTO 2025,19.4,1
24,DQ - 15,dique del cubeto de los tanques,501.14,370.581,101.484,21 DE AGOSTO 2025,19.4,1
24,DQ - 16,dique del cubeto de los tanques,507.603,376.912,101.533,21 DE AGOSTO 2025,19.4,1
24,PC - 1,borde cuneta perimetral,327.844,418.453,99.071,21 DE AGOSTO 2025,19.4,1
24,PC - 2,borde cuneta perimetral,329.945,392.011,98.117,21 DE AGOSTO 2025,19.4,1
24,PC - 3,borde cuneta perimetral,335.562,384.302,98.061,21 DE AGOSTO 2025,19.4,1
24,PC - 4,borde cuneta perimetral,360.318,359.628,98.124,21 DE AGOSTO 2025,19.4,1
24,PC - 5,borde cuneta perimetral,371.371,348.584,98.155,21 DE AGOSTO 2025,19.4,1
24,PC - 6,borde cuneta perimetral,395.698,324.314,98.268,21 DE AGOSTO 2025,19.4,1
24,PC - 7,borde cuneta perimetral,481.877,325.033,98.284,21 DE AGOSTO 2025,19.4,1
24,PC - 8,borde cuneta perimetral,490.479,333.591,98.168,21 DE AGOSTO 2025,19.4,1
24,PC - 9,borde cuneta perimetral,501.817,344.87,98.042,21 DE AGOSTO 2025,19.4,1
24,PC - 10,borde cuneta perimetral,509.514,352.565,98.014,21 DE AGOSTO 2025,19.4,1
24,PC - 11,borde cuneta perimetral,518.874,361.886,98.148,21 DE AGOSTO 2025,19.4,1
24,PC - 12,borde cuneta perimetral,530.041,373.155,98.263,21 DE AGOSTO 2025,19.4,1
24,SP - 1,soportes de concreto para tuberias,495.269,351.323,98.503,21 DE AGOSTO 2025,19.4,1
24,SP - 3,soportes de concreto para tuberias,500.887,356.944,98.433,21 DE AGOSTO 2025,19.4,1
24,SP - 5,soportes de concreto para tuberias,506.493,362.573,98.53,21 DE AGOSTO 2025,19.4,1
24,SP - 7,soportes de concreto para tuberias,397.568,353.202,100.514,21 DE AGOSTO 2025,19.4,1
24,SP - 8,soportes de concreto para tuberias,401.778,357.4,100.54,21 DE AGOSTO 2025,19.4,1
24,SP - 9,soportes de concreto para tuberias,379.434,378.337,100.248,21 DE AGOSTO 2025,19.4,1
24,SP - 10,soportes de concreto para tuberias,375.749,374.626,100.195,21 DE AGOSTO 2025,19.4,1
24,INC - 1,Inclinómetro / Asentamiento,500.033,353.932,98.278,21 DE AGOSTO 2025,19.4,1
24,INC - 1,Inclinómetro / Asentamiento,500.017,353.774,98.242,21 DE AGOSTO 2025,19.4,1
24,INC - 3 & AST - 3,Inclinómetro / Asentamiento,400.443,435.039,100.093,21 DE AGOSTO 2025,19.4,1
24,INC - 3 & AST - 3,Inclinómetro / Asentamiento,400.353,435.089,100.106,21 DE AGOSTO 2025,19.4,1
24,INC - 4 & AST - 1,Inclinómetro / Asentamiento,479.593,369.706,100.149,21 DE AGOSTO 2025,19.4,1
24,INC - 4 & AST - 1,Inclinómetro / Asentamiento,479.545,369.887,100.076,21 DE AGOSTO 2025,19.4,1
24,INC - 5 & AST - 2,Inclinómetro / Asentamiento,484.478,364.403,99.937,21 DE AGOSTO 2025,19.4,1
24,INC - 5 & AST - 2,Inclinómetro / Asentamiento,484.438,364.533,99.851,21 DE AGOSTO 2025,19.4,1
24,INC - 6 & AST - 4,Inclinómetro / Asentamiento,387.336,369.747,100.238,21 DE AGOSTO 2025,19.4,1
24,INC - 6 & AST - 4,Inclinómetro / Asentamiento,387.356,369.865,100.015,21 DE AGOSTO 2025,19.4,1
26,DQ - 1,dique del cubeto de los tanques,353.65,417.955,101.541,26 DE MARZO 2026,19.391,1
26,DQ - 2,dique del cubeto de los tanques,353.645,408.701,101.52,26 DE MARZO 2026,19.391,1
26,DQ - 3,dique del cubeto de los tanques,353.63,396.63,101.45,26 DE MARZO 2026,19.391,1
26,DQ - 4,dique del cubeto de los tanques,355.939,391.003,101.402,26 DE MARZO 2026,19.391,1
26,DQ - 5,dique del cubeto de los tanques,373.766,373.151,101.42,26 DE MARZO 2026,19.391,1
26,DQ - 6,dique del cubeto de los tanques,385.401,361.579,101.456,26 DE MARZO 2026,19.391,1
26,DQ - 7,dique del cubeto de los tanques,398.798,348.211,101.489,26 DE MARZO 2026,19.391,1
26,DQ - 8,dique del cubeto de los tanques,409.307,337.807,101.536,26 DE MARZO 2026,19.391,1
26,DQ - 9,dique del cubeto de los tanques,453.239,334.867,101.552,26 DE MARZO 2026,19.391,1
26,DQ - 10,dique del cubeto de los tanques,461.882,334.855,101.524,26 DE MARZO 2026,19.391,1
26,DQ - 11,dique del cubeto de los tanques,468.091,337.504,101.521,26 DE MARZO 2026,19.391,1
26,DQ - 12,dique del cubeto de los tanques,477.686,347.096,101.504,26 DE MARZO 2026,19.391,1
26,DQ - 13,dique del cubeto de los tanques,488.064,357.339,101.349,26 DE MARZO 2026,19.391,1
26,DQ - 14,dique del cubeto de los tanques,494.114,363.506,101.268,26 DE MARZO 2026,19.391,1
26,DQ - 15,dique del cubeto de los tanques,501.144,370.589,101.485,26 DE MARZO 2026,19.391,1
26,DQ - 16,dique del cubeto de los tanques,507.607,376.921,101.534,26 DE MARZO 2026,19.391,1
26,PC - 1,borde cuneta perimetral,327.844,418.454,99.069,26 DE MARZO 2026,19.391,1
26,PC - 2,borde cuneta perimetral,329.944,392.013,98.119,26 DE MARZO 2026,19.391,1
26,PC - 3,borde cuneta perimetral,335.562,384.302,98.063,26 DE MARZO 2026,19.391,1
26,PC - 4,borde cuneta perimetral,360.319,359.628,98.125,26 DE MARZO 2026,19.391,1
26,PC - 5,borde cuneta perimetral,371.371,348.583,98.157,26 DE MARZO 2026,19.391,1
26,PC - 6,borde cuneta perimetral,395.697,324.312,98.269,26 DE MARZO 2026,19.391,1
26,PC - 7,borde cuneta perimetral,481.884,325.037,98.286,26 DE MARZO 2026,19.391,1
26,PC - 8,borde cuneta perimetral,490.486,333.597,98.169,26 DE MARZO 2026,19.391,1
26,PC - 9,borde cuneta perimetral,501.822,344.876,98.04,26 DE MARZO 2026,19.391,1
26,PC - 10,borde cuneta perimetral,509.52,352.57,98.013,26 DE MARZO 2026,19.391,1
26,PC - 11,borde cuneta perimetral,518.879,361.893,98.147,26 DE MARZO 2026,19.391,1
26,PC - 12,borde cuneta perimetral,530.045,373.162,98.265,26 DE MARZO 2026,19.391,1
26,SP - 1,soportes de concreto para tuberias,495.275,351.327,98.503,26 DE MARZO 2026,19.391,1
26,SP - 3,soportes de concreto para tuberias,500.895,356.949,98.433,26 DE MARZO 2026,19.391,1
26,SP - 5,soportes de concreto para tuberias,506.5,362.577,98.529,26 DE MARZO 2026,19.391,1
26,SP - 7,soportes de concreto para tuberias,397.57,353.202,100.516,26 DE MARZO 2026,19.391,1
26,SP - 8,soportes de concreto para tuberias,401.781,357.4,100.541,26 DE MARZO 2026,19.391,1
26,SP - 9,soportes de concreto para tuberias,379.436,378.336,100.25,26 DE MARZO 2026,19.391,1
26,SP - 10,soportes de concreto para tuberias,375.752,374.626,100.196,26 DE MARZO 2026,19.391,1
26,INC - 1,Inclinómetro / Asentamiento,500.042,353.935,98.278,26 DE MARZO 2026,19.391,1
26,INC - 1,Inclinómetro / Asentamiento,500.025,353.778,98.241,26 DE MARZO 2026,19.391,1
26,INC - 3 & AST - 3,Inclinómetro / Asentamiento,400.444,435.043,100.096,26 DE MARZO 2026,19.391,1
26,INC - 3 & AST - 3,Inclinómetro / Asentamiento,400.352,435.093,100.108,26 DE MARZO 2026,19.391,1
26,INC - 4 & AST - 1,Inclinómetro / Asentamiento,479.59,369.717,100.153,26 DE MARZO 2026,19.391,1
26,INC - 4 & AST - 1,Inclinómetro / Asentamiento,479.543,369.897,100.08,26 DE MARZO 2026,19.391,1
26,INC - 5 & AST - 2,Inclinómetro / Asentamiento,484.472,364.415,99.941,26 DE MARZO 2026,19.391,1
26,INC - 5 & AST - 2,Inclinómetro / Asentamiento,484.432,364.546,99.855,26 DE MARZO 2026,19.391,1
26,INC - 6 & AST - 4,Inclinómetro / Asentamiento,387.338,369.747,100.24,26 DE MARZO 2026,19.391,1
26,INC - 6 & AST - 4,Inclinómetro / Asentamiento,387.357,369.865,100.018,26 DE MARZO 2026,19.391,1
